Workbook

Sheet Start
A1: WürfelWächter · Der Bund der Geschichten (Parallel-Version)
A2: Zweites Deck auf denselben Vorgaben · komplett neue Echt-Karten-Zuordnung · Commander (100) · Stand 07.09.2026
A5: KARTEN GESAMT | D5: LÄNDER | G5: STANDARDLÄNDER | J5: COMMANDER
A6: =SUM(Deckliste!$E$5:$E$104) | D6: =SUMIF(Deckliste!$F$5:$F$104,"Standardland",Deckliste!$E$5:$E$104)+SUMIF(Deckliste!$F$5:$F$104,"Nichtstandardland",Deckliste!$E$5:$E$104) | G6: =SUMIF(Deckliste!$F$5:$F$104,"Standardland",Deckliste!$E$5:$E$104) | J6: =SUMIF(Deckliste!$D$5:$D$104,"Commander",Deckliste!$E$5:$E$104)
A10: Commander | B10: Esika, God of the Tree // The Prismatic Bridge → WürfelWächter · Wächter am Portal aller Geschichten
A11: Idee | B11: Dieselben Vorgaben wie im Original, aber jede Figur, jeder Insider und jedes Land trägt eine ANDERE reale MTG-Karte. Der WürfelWächter (Esika // The Prismatic Bridge) hält Wache am Portal, aus dem jeden Zug ein Held aller Kampagnen tritt.
A13: So liest du die Datei
A14: Deckliste | B14: Alle 100 physischen Karten; echte Karte und WürfelWächter-Design nebeneinander, mit Deck-Funktion und Begründung.
A15: Designs | B15: Konkretes Bildbriefing, Flavor-Vorschlag, bewusste Adaption und Regelgrenze je Karte.
A16: Bildpaare | B16: Heruntergeladene echte Kartenbilder plus vorhandene WürfelWächter-Webreferenz (Porträt/Kampagne).
A17: Kartendaten | B17: Unveränderte englische Oracle-Texte und geprüfte Papierdrucke (Scryfall, Stichtag 07.09.2026).
A18: Spielplan | B18: Mulligan, Manabasis, Siegplan, Esika-Interaktionen und ein verbindlicher Gestaltungsrahmen.
A19: Auswahlabgleich / Token | B19: Nachweis: jeder Charakter und jeder Insider mit eigener Karte, jeder Spieler mindestens erwähnt. Plus Hilfskarten außerhalb der 100.
A21: Abdeckung (Vorgaben zuerst) | B21: 1 Commander + 27 Charaktere (Karten 2–28) + ALLE 23 Insider (u. a. 43–56, 90–100) + 15 Kampagnen-Basics. Spieler bekommen KEINE eigene Karte, werden aber alle erwähnt (11 über ihren Charakter; Questen & Quatschen, Dwarfmasters, Chrys Mats, Josh und Nils gemeinsam über die Sammelkarte „Gastauftritte“, #041). Erst danach aufgefüllt.
A22: Was neu ist ggü. der letzten Fassung | B22: Keine dedizierten Spieler-Karten mehr. Nils, Dwarfmasters und Questen & Quatschen sind mit den Gästen Chrys Mats (Synchronsprecher) und Josh (Spieleabend) auf einer Karte „Gastauftritte“ (#041) zusammengefasst. Die frei gewordenen Slots sind stärker mit WürfelWächter-Themen verzahnt: „Ich weiß …“ (Mystic Remora), „Stumpf ist Trumpf.“ (Rancor), „Ja, sag ich ja.“ (Bloom Tender), Der lange Kampagnenweg (Kodama's Reach), WürfelWissen (Rhystic Study), Sardior (Balefire Dragon), Das Logbuch des Bundes (Garruk's Uprising), Octo’Talis rückt vor (Cathars' Crusade), Moss Mane (Seedborn Muse), Der Essenzträger-Kern (Wayfarer's Bauble). „Studiolampe des ArtandTech.space“ ist jetzt schlicht „WürfelWächter Studio“; „Das Siegel der drei Streamabende“ heißt „Streamingplan“; Farewell ist „Der große Meister“; Lightning Greaves nicht mehr Nebelhauer.
A23: Bewusst wiederholt | B23: Echte Format-Staples ohne sinnvolle Alternative: Sol Ring, Command Tower.
A25: Regelbindung | B25: Kartennamen, Manakosten, Typzeilen, Legendärstatus und Oracle-Texte der echten Karten bleiben unverändert. Die WürfelWächter-Ebene ist Name, Bild und Flavor – niemals neuer Regeltext.
A26: Quellenstand | B26: Kartendaten: Scryfall API. Regeln: offizielle Commander-Regeln. Website-Referenzen: wuerfelwaechter.de / octocon.wuerfelwaechter.de.

Sheet Deckliste
A1: 100 Karten · echte Karte und WürfelWächter-Design nebeneinander
A2: Jede Zeile ist eine physische Karte. Auch alle 15 Standardländer sind einzeln aufgeführt.
A4: Nr. | B4: Echte MTG-Karte | C4: WürfelWächter-Design | D4: Zone | E4: Anzahl | F4: Haupttyp | G4: Manakosten | H4: Manawert | I4: Funktion im Deck | J4: Kampagne / Bezug | K4: Warum die echte Karte passt | L4: Prüfung | M4: Kartenquelle | N4: WürfelWächter-Quelle | O4: Original-Typzeile | P4: Legendär?
A5: 1 | B5: Esika, God of the Tree | C5: WürfelWächter · Wächter am Portal aller Geschichten | D5: Commander | E5: 1 | F5: =IFERROR(VLOOKUP(B5,Kartendaten!$A$5:$U$94,5,FALSE),"UNBEKANNT") | G5: =IFERROR(VLOOKUP(B5,Kartendaten!$A$5:$U$94,2,FALSE),"UNBEKANNT") | H5: =IFERROR(VLOOKUP(B5,Kartendaten!$A$5:$U$94,3,FALSE),"UNBEKANNT") | I5: Commander; verwandelt den Heldenbund in Manaquelle mit Wachsamkeit; Rückseite holt jeden Zug einen Helden ins Spiel | J5: WürfelWächter · Maskottchen / Commander | K5: Esika macht aus jeder legendären Kreatur eine wachsame Manaquelle – der Bund, der gemeinsam Wache hält und trotzdem angreift. Die Rückseite, das fünffarbige Portal, holt jeden Zug einen Helden aus dem Logbuch an den Tisch: genau das Bild des WürfelWächter-Maskottchens als Hüter aller Geschichten. | L5: =IFERROR(IF(AND(VLOOKUP(B5,Kartendaten!$A$5:$U$94,6,FALSE)="legal",VLOOKUP(B5,Kartendaten!$A$5:$U$94,19,FALSE)="Nein",VLOOKUP(B5,Kartendaten!$A$5:$U$94,20,FALSE)="Ja",VLOOKUP(B5,Kartendaten!$A$5:$U$94,21,FALSE)="Ja",OR(F5="Standardland",SUMIF($B$5:$B$104,B5,$E$5:$E$104)=1)),"OK","PRÜFEN"),"PRÜFEN") | M5: https://scryfall.com/card/khm/168/esika-god-of-the-tree-the-prismatic-bridge?utm_source=api | N5: https://wuerfelwaechter.de/ | O5: =IFERROR(VLOOKUP(B5,Kartendaten!$A$5:$U$94,4,FALSE),"UNBEKANNT") | P5: =IF(ISNUMBER(SEARCH("Legendary",O5)),"Ja","Nein")
A6: 2 | B6: Aurelia, the Warleader | C6: Jonvus Sonnenzorn-ChewChew, führt den Bund | D6: Bibliothek | E6: 1 | F6: =IFERROR(VLOOKUP(B6,Kartendaten!$A$5:$U$94,5,FALSE),"UNBEKANNT") | G6: =IFERROR(VLOOKUP(B6,Kartendaten!$A$5:$U$94,2,FALSE),"UNBEKANNT") | H6: =IFERROR(VLOOKUP(B6,Kartendaten!$A$5:$U$94,3,FALSE),"UNBEKANNT") | I6: Fliegender Anführer mit Wachsamkeit und Eile; zusätzliche Kampfphase, wenn Octo’Talis vorrückt | J6: Die Legende des Rubindrachen · Jonas | K6: Jonvus ist der Paladin, der Octo’Talis in den Kampf gegen das Ende der Welt führt. Aurelia gibt dem Bund Eile, Wachsamkeit und eine zweite Kampfphase – ein echter Anführerkörper statt eines schmalen 2/2. Rot-Weiß passt exakt: Rubindrachen-Rot und Paladin-Weiß. | L6: =IFERROR(IF(AND(VLOOKUP(B6,Kartendaten!$A$5:$U$94,6,FALSE)="legal",VLOOKUP(B6,Kartendaten!$A$5:$U$94,19,FALSE)="Nein",VLOOKUP(B6,Kartendaten!$A$5:$U$94,20,FALSE)="Ja",VLOOKUP(B6,Kartendaten!$A$5:$U$94,21,FALSE)="Ja",OR(F6="Standardland",SUMIF($B$5:$B$104,B6,$E$5:$E$104)=1)),"OK","PRÜFEN"),"PRÜFEN") | M6: https://scryfall.com/card/fdn/651/aurelia-the-warleader?utm_source=api | N6: https://wuerfelwaechter.de/Charakter/Details/21 | O6: =IFERROR(VLOOKUP(B6,Kartendaten!$A$5:$U$94,4,FALSE),"UNBEKANNT") | P6: =IF(ISNUMBER(SEARCH("Legendary",O6)),"Ja","Nein")
A7: 3 | B7: Selvala, Explorer Returned | C7: Vorian Flammenzorn, zurück unter Sternen | D7: Bibliothek | E7: 1 | F7: =IFERROR(VLOOKUP(B7,Kartendaten!$A$5:$U$94,5,FALSE),"UNBEKANNT") | G7: =IFERROR(VLOOKUP(B7,Kartendaten!$A$5:$U$94,2,FALSE),"UNBEKANNT") | H7: =IFERROR(VLOOKUP(B7,Kartendaten!$A$5:$U$94,3,FALSE),"UNBEKANNT") | I7: Manaaufbau und Kartenvorteil für den ganzen Tisch | J7: Die Legende des Rubindrachen · Kevin | K7: Eine elfische Kundschafterin, die aus dem ‚Dienst‘ zurückkehrt und dem ganzen Tisch Mana und Karten bringt – Vorians Weg aus dem Schatten Asmodeus’ hin zu Ausgleich und Fürsorge. | L7: =IFERROR(IF(AND(VLOOKUP(B7,Kartendaten!$A$5:$U$94,6,FALSE)="legal",VLOOKUP(B7,Kartendaten!$A$5:$U$94,19,FALSE)="Nein",VLOOKUP(B7,Kartendaten!$A$5:$U$94,20,FALSE)="Ja",VLOOKUP(B7,Kartendaten!$A$5:$U$94,21,FALSE)="Ja",OR(F7="Standardland",SUMIF($B$5:$B$104,B7,$E$5:$E$104)=1)),"OK","PRÜFEN"),"PRÜFEN") | M7: https://scryfall.com/card/mkc/218/selvala-explorer-returned?utm_source=api | N7: https://wuerfelwaechter.de/Charakter/Details/58 | O7: =IFERROR(VLOOKUP(B7,Kartendaten!$A$5:$U$94,4,FALSE),"UNBEKANNT") | P7: =IF(ISNUMBER(SEARCH("Legendary",O7)),"Ja","Nein")
A8: 4 | B8: Myrel, Shield of Argive | C8: Hemish, Bannerträger Octo’Talis’ | D8: Bibliothek | E8: 1 | F8: =IFERROR(VLOOKUP(B8,Kartendaten!$A$5:$U$94,5,FALSE),"UNBEKANNT") | G8: =IFERROR(VLOOKUP(B8,Kartendaten!$A$5:$U$94,2,FALSE),"UNBEKANNT") | H8: =IFERROR(VLOOKUP(B8,Kartendaten!$A$5:$U$94,3,FALSE),"UNBEKANNT") | I8: Spielstein-Anthem im Kampf; sperrt gegnerische Reaktionen im eigenen Zug | J8: Die Legende des Rubindrachen · Jan | K8: Myrel stellt im Kampf Soldaten auf und sperrt gegnerische Zwischenzüge – ein Bannerträger, der Octo’Talis rallyt und beschützt. | L8: =IFERROR(IF(AND(VLOOKUP(B8,Kartendaten!$A$5:$U$94,6,FALSE)="legal",VLOOKUP(B8,Kartendaten!$A$5:$U$94,19,FALSE)="Nein",VLOOKUP(B8,Kartendaten!$A$5:$U$94,20,FALSE)="Ja",VLOOKUP(B8,Kartendaten!$A$5:$U$94,21,FALSE)="Ja",OR(F8="Standardland",SUMIF($B$5:$B$104,B8,$E$5:$E$104)=1)),"OK","PRÜFEN"),"PRÜFEN") | M8: https://scryfall.com/card/bro/18/myrel-shield-of-argive?utm_source=api | N8: https://wuerfelwaechter.de/Charakter/Details/36 | O8: =IFERROR(VLOOKUP(B8,Kartendaten!$A$5:$U$94,4,FALSE),"UNBEKANNT") | P8: =IF(ISNUMBER(SEARCH("Legendary",O8)),"Ja","Nein")
A9: 5 | B9: Ranar the Ever-Watchful | C9: Susi Lichtschwur, mit leichtem Schritt | D9: Bibliothek | E9: 1 | F9: =IFERROR(VLOOKUP(B9,Kartendaten!$A$5:$U$94,5,FALSE),"UNBEKANNT") | G9: =IFERROR(VLOOKUP(B9,Kartendaten!$A$5:$U$94,2,FALSE),"UNBEKANNT") | H9: =IFERROR(VLOOKUP(B9,Kartendaten!$A$5:$U$94,3,FALSE),"UNBEKANNT") | I9: Blink/Exil-Versteck; Geist-Spielsteine; Kartenauswahl beim Ausblenden | J9: Die Legende des Rubindrachen · Janna | K9: Ranar blendet Karten aus, blinkt Kreaturen und macht Geist-Spielsteine: Susis leichter Schritt, mit dem sie unbemerkt an Wachen und Zauberbüchern vorbeikommt. | L9: =IFERROR(IF(AND(VLOOKUP(B9,Kartendaten!$A$5:$U$94,6,FALSE)="legal",VLOOKUP(B9,Kartendaten!$A$5:$U$94,19,FALSE)="Nein",VLOOKUP(B9,Kartendaten!$A$5:$U$94,20,FALSE)="Ja",VLOOKUP(B9,Kartendaten!$A$5:$U$94,21,FALSE)="Ja",OR(F9="Standardland",SUMIF($B$5:$B$104,B9,$E$5:$E$104)=1)),"OK","PRÜFEN"),"PRÜFEN") | M9: https://scryfall.com/card/khc/2/ranar-the-ever-watchful?utm_source=api | N9: https://wuerfelwaechter.de/Charakter/Details/70 | O9: =IFERROR(VLOOKUP(B9,Kartendaten!$A$5:$U$94,4,FALSE),"UNBEKANNT") | P9: =IF(ISNUMBER(SEARCH("Legendary",O9)),"Ja","Nein")
A10: 6 | B10: Arahbo, Roar of the World | C10: Damon Driftwood, Stärke schützt | D10: Bibliothek | E10: 1 | F10: =IFERROR(VLOOKUP(B10,Kartendaten!$A$5:$U$94,5,FALSE),"UNBEKANNT") | G10: =IFERROR(VLOOKUP(B10,Kartendaten!$A$5:$U$94,2,FALSE),"UNBEKANNT") | H10: =IFERROR(VLOOKUP(B10,Kartendaten!$A$5:$U$94,3,FALSE),"UNBEKANNT") | I10: Kampf-Boost; hebt in jedem Kampf eine Kreatur (Cleemoe) hervor | J10: Icewind Dale – Rime of the Frostmaiden · Jonas | K10: Arahbo hebt in jedem Kampf eine Kreatur hervor und schützt sie – Damon, der seine Ziehtochter Cleemoe mit einem löwenhaften Schild deckt. ‚Stärke schützt.‘ | L10: =IFERROR(IF(AND(VLOOKUP(B10,Kartendaten!$A$5:$U$94,6,FALSE)="legal",VLOOKUP(B10,Kartendaten!$A$5:$U$94,19,FALSE)="Nein",VLOOKUP(B10,Kartendaten!$A$5:$U$94,20,FALSE)="Ja",VLOOKUP(B10,Kartendaten!$A$5:$U$94,21,FALSE)="Ja",OR(F10="Standardland",SUMIF($B$5:$B$104,B10,$E$5:$E$104)=1)),"OK","PRÜFEN"),"PRÜFEN") | M10: https://scryfall.com/card/c17/35/arahbo-roar-of-the-world?utm_source=api | N10: https://wuerfelwaechter.de/Charakter/Details/28 | O10: =IFERROR(VLOOKUP(B10,Kartendaten!$A$5:$U$94,4,FALSE),"UNBEKANNT") | P10: =IF(ISNUMBER(SEARCH("Legendary",O10)),"Ja","Nein")
A11: 7 | B11: Kardur, Doomscourge | C11: Mumpfi Nebelhauer, Schuldner der Phaerimm | D11: Bibliothek | E11: 1 | F11: =IFERROR(VLOOKUP(B11,Kartendaten!$A$5:$U$94,5,FALSE),"UNBEKANNT") | G11: =IFERROR(VLOOKUP(B11,Kartendaten!$A$5:$U$94,2,FALSE),"UNBEKANNT") | H11: =IFERROR(VLOOKUP(B11,Kartendaten!$A$5:$U$94,3,FALSE),"UNBEKANNT") | I11: 4/3-Körper; beim Eintritt Opferzwang für jeden Gegner; treibt die Gegner gegeneinander | J11: Icewind Dale – Rime of the Frostmaiden · Jonas | K11: Nebelhauer verrät im Kampagnenverlauf seine Gefährten für die Macht der Phaerimm. Kardur zwingt Gegner zum Opfer und stiftet Unfrieden zwischen ihnen – ein echter 4/3-Körper und das Verrat-/Zwietracht-Motiv statt eines schmalen 1/3. | L11: =IFERROR(IF(AND(VLOOKUP(B11,Kartendaten!$A$5:$U$94,6,FALSE)="legal",VLOOKUP(B11,Kartendaten!$A$5:$U$94,19,FALSE)="Nein",VLOOKUP(B11,Kartendaten!$A$5:$U$94,20,FALSE)="Ja",VLOOKUP(B11,Kartendaten!$A$5:$U$94,21,FALSE)="Ja",OR(F11="Standardland",SUMIF($B$5:$B$104,B11,$E$5:$E$104)=1)),"OK","PRÜFEN"),"PRÜFEN") | M11: https://scryfall.com/card/dsc/223/kardur-doomscourge?utm_source=api | N11: https://wuerfelwaechter.de/Charakter/Details/29 | O11: =IFERROR(VLOOKUP(B11,Kartendaten!$A$5:$U$94,4,FALSE),"UNBEKANNT") | P11: =IF(ISNUMBER(SEARCH("Legendary",O11)),"Ja","Nein")
A12: 8 | B12: Giada, Font of Hope | C12: Cleemoe Driftwood, Hoffnung im Frost | D12: Bibliothek | E12: 1 | F12: =IFERROR(VLOOKUP(B12,Kartendaten!$A$5:$U$94,5,FALSE),"UNBEKANNT") | G12: =IFERROR(VLOOKUP(B12,Kartendaten!$A$5:$U$94,2,FALSE),"UNBEKANNT") | H12: =IFERROR(VLOOKUP(B12,Kartendaten!$A$5:$U$94,3,FALSE),"UNBEKANNT") | I12: Mana für teure Helden; verteilt beim Eintritt +1/+1-Marken | J12: Icewind Dale – Rime of the Frostmaiden · Janna | K12: Giada gibt Mana für teure Helden und verteilt beim Eintritt eine +1/+1-Marke – Cleemoes Lieder, die den Gefährten im Frost Hoffnung (und einen kleinen Schub) geben. | L12: =IFERROR(IF(AND(VLOOKUP(B12,Kartendaten!$A$5:$U$94,6,FALSE)="legal",VLOOKUP(B12,Kartendaten!$A$5:$U$94,19,FALSE)="Nein",VLOOKUP(B12,Kartendaten!$A$5:$U$94,20,FALSE)="Ja",VLOOKUP(B12,Kartendaten!$A$5:$U$94,21,FALSE)="Ja",OR(F12="Standardland",SUMIF($B$5:$B$104,B12,$E$5:$E$104)=1)),"OK","PRÜFEN"),"PRÜFEN") | M12: https://scryfall.com/card/fdn/141/giada-font-of-hope?utm_source=api | N12: https://wuerfelwaechter.de/Charakter/Details/72 | O12: =IFERROR(VLOOKUP(B12,Kartendaten!$A$5:$U$94,4,FALSE),"UNBEKANNT") | P12: =IF(ISNUMBER(SEARCH("Legendary",O12)),"Ja","Nein")
A13: 9 | B13: Linden, the Steadfast Queen | C13: Lichtträger Duvek, Lathanders Beistand | D13: Bibliothek | E13: 1 | F13: =IFERROR(VLOOKUP(B13,Kartendaten!$A$5:$U$94,5,FALSE),"UNBEKANNT") | G13: =IFERROR(VLOOKUP(B13,Kartendaten!$A$5:$U$94,2,FALSE),"UNBEKANNT") | H13: =IFERROR(VLOOKUP(B13,Kartendaten!$A$5:$U$94,3,FALSE),"UNBEKANNT") | I13: Lebenspunkte bei jedem Angriff mit einer weißen Kreatur; stabiles Fundament | J13: Icewind Dale – Rime of the Frostmaiden · Hendrik | K13: Linden schenkt Leben, sobald eine weiße Kreatur angreift – Duvek, der Priester Lathanders, der der vorrückenden Gruppe beisteht und Mut zuspricht. | L13: =IFERROR(IF(AND(VLOOKUP(B13,Kartendaten!$A$5:$U$94,6,FALSE)="legal",VLOOKUP(B13,Kartendaten!$A$5:$U$94,19,FALSE)="Nein",VLOOKUP(B13,Kartendaten!$A$5:$U$94,20,FALSE)="Ja",VLOOKUP(B13,Kartendaten!$A$5:$U$94,21,FALSE)="Ja",OR(F13="Standardland",SUMIF($B$5:$B$104,B13,$E$5:$E$104)=1)),"OK","PRÜFEN"),"PRÜFEN") | M13: https://scryfall.com/card/fdn/737/linden-the-steadfast-queen?utm_source=api | N13: https://wuerfelwaechter.de/Charakter/Details/55 | O13: =IFERROR(VLOOKUP(B13,Kartendaten!$A$5:$U$94,4,FALSE),"UNBEKANNT") | P13: =IF(ISNUMBER(SEARCH("Legendary",O13)),"Ja","Nein")
A14: 10 | B14: Svyelun of Sea and Sky | C14: Neriton, Geduld der Tiefe | D14: Bibliothek | E14: 1 | F14: =IFERROR(VLOOKUP(B14,Kartendaten!$A$5:$U$94,5,FALSE),"UNBEKANNT") | G14: =IFERROR(VLOOKUP(B14,Kartendaten!$A$5:$U$94,2,FALSE),"UNBEKANNT") | H14: =IFERROR(VLOOKUP(B14,Kartendaten!$A$5:$U$94,3,FALSE),"UNBEKANNT") | I14: Nahezu unblockbarer, unzerstörbarer Körper; Kartenzug beim Angriff | J14: Icewind Dale – Rime of the Frostmaiden · Sebastian | K14: Svyelun ist eine merfolkhafte Meeresgottheit: unzerstörbar und kaum blockbar, solange Verbündete da sind, mit Kartenzug beim Angriff – Neritons ‚Geduld, dann Kraft‘. | L14: =IFERROR(IF(AND(VLOOKUP(B14,Kartendaten!$A$5:$U$94,6,FALSE)="legal",VLOOKUP(B14,Kartendaten!$A$5:$U$94,19,FALSE)="Nein",VLOOKUP(B14,Kartendaten!$A$5:$U$94,20,FALSE)="Ja",VLOOKUP(B14,Kartendaten!$A$5:$U$94,21,FALSE)="Ja",OR(F14="Standardland",SUMIF($B$5:$B$104,B14,$E$5:$E$104)=1)),"OK","PRÜFEN"),"PRÜFEN") | M14: https://scryfall.com/card/lcc/175/svyelun-of-sea-and-sky?utm_source=api | N14: https://wuerfelwaechter.de/Charakter/Details/33 | O14: =IFERROR(VLOOKUP(B14,Kartendaten!$A$5:$U$94,4,FALSE),"UNBEKANNT") | P14: =IF(ISNUMBER(SEARCH("Legendary",O14)),"Ja","Nein")
A15: 11 | B15: Elenda, the Dusk Rose | C15: Sharalaq – „Ich bin euer Schild!“ | D15: Bibliothek | E15: 1 | F15: =IFERROR(VLOOKUP(B15,Kartendaten!$A$5:$U$94,5,FALSE),"UNBEKANNT") | G15: =IFERROR(VLOOKUP(B15,Kartendaten!$A$5:$U$94,2,FALSE),"UNBEKANNT") | H15: =IFERROR(VLOOKUP(B15,Kartendaten!$A$5:$U$94,3,FALSE),"UNBEKANNT") | I15: Wächst mit jedem Kreaturentod; fällt sie, steht eine ganze Schatten-Armee auf | J15: Sturm, Staub und Schatten · Dani | K15: Sharas ganze Rolle ist der Schild, der sich opfert – und der Schatten als treuer Begleiter. Elenda wächst über das Spiel, hält als Blocker stand und hinterlässt beim Sterben eine Armee: stärker und dramatischer als ein 2/1-Opferzauber. | L15: =IFERROR(IF(AND(VLOOKUP(B15,Kartendaten!$A$5:$U$94,6,FALSE)="legal",VLOOKUP(B15,Kartendaten!$A$5:$U$94,19,FALSE)="Nein",VLOOKUP(B15,Kartendaten!$A$5:$U$94,20,FALSE)="Ja",VLOOKUP(B15,Kartendaten!$A$5:$U$94,21,FALSE)="Ja",OR(F15="Standardland",SUMIF($B$5:$B$104,B15,$E$5:$E$104)=1)),"OK","PRÜFEN"),"PRÜFEN") | M15: https://scryfall.com/card/lcc/268/elenda-the-dusk-rose?utm_source=api | N15: https://wuerfelwaechter.de/Charakter/Details/24 | O15: =IFERROR(VLOOKUP(B15,Kartendaten!$A$5:$U$94,4,FALSE),"UNBEKANNT") | P15: =IF(ISNUMBER(SEARCH("Legendary",O15)),"Ja","Nein")
A16: 12 | B16: Talrand, Sky Summoner | C16: Quill, Hüter der verlorenen Seelen | D16: Bibliothek | E16: 1 | F16: =IFERROR(VLOOKUP(B16,Kartendaten!$A$5:$U$94,5,FALSE),"UNBEKANNT") | G16: =IFERROR(VLOOKUP(B16,Kartendaten!$A$5:$U$94,2,FALSE),"UNBEKANNT") | H16: =IFERROR(VLOOKUP(B16,Kartendaten!$A$5:$U$94,3,FALSE),"UNBEKANNT") | I16: Baut aus jedem Spontanzauber/jeder Hexerei einen 2/2-Drachen; fliegende Armee | J16: Sturm, Staub und Schatten · Jonas | K16: Quill ist der neugierige Magier, der aus jeder aufgedeckten Geschichte etwas Neues zieht. Talrand verwandelt das Zauberbuch in eine fliegende Armee – Board-Präsenz und Kartenwert statt eines 1/3 ohne Angriffsdruck. | L16: =IFERROR(IF(AND(VLOOKUP(B16,Kartendaten!$A$5:$U$94,6,FALSE)="legal",VLOOKUP(B16,Kartendaten!$A$5:$U$94,19,FALSE)="Nein",VLOOKUP(B16,Kartendaten!$A$5:$U$94,20,FALSE)="Ja",VLOOKUP(B16,Kartendaten!$A$5:$U$94,21,FALSE)="Ja",OR(F16="Standardland",SUMIF($B$5:$B$104,B16,$E$5:$E$104)=1)),"OK","PRÜFEN"),"PRÜFEN") | M16: https://scryfall.com/card/otc/116/talrand-sky-summoner?utm_source=api | N16: https://wuerfelwaechter.de/Charakter/Details/26 | O16: =IFERROR(VLOOKUP(B16,Kartendaten!$A$5:$U$94,4,FALSE),"UNBEKANNT") | P16: =IF(ISNUMBER(SEARCH("Legendary",O16)),"Ja","Nein")
... A104: 100 | B104: The World Tree | C104: Abenteuer im Multiversum – Reise durchs All | D104: Bibliothek | E104: 1 | F104: =IFERROR(VLOOKUP(B104,Kartendaten!$A$5:$U$94,5,FALSE),"UNBEKANNT") | G104: =IFERROR(VLOOKUP(B104,Kartendaten!$A$5:$U$94,2,FALSE),"UNBEKANNT") | H104: =IFERROR(VLOOKUP(B104,Kartendaten!$A$5:$U$94,3,FALSE),"UNBEKANNT") | I104: Fünffarbige Manaquelle; großer Legenden-/Götter-Finisher aus der Bibliothek | J104: Abenteuer im Multiversum · Insider „Abenteuer im Multiversum“ (Zeile 17, Kampagnen-Format) | K104: ‚Abenteuer im Multiversum‘ (SL: Dani) – die Science-Fiction-/Space-One-Shots mit KORG, Dr. Boom, G.I.E.G., Jack, Claptron. The World Tree ist das Portal zwischen den Welten. | L104: =IFERROR(IF(AND(VLOOKUP(B104,Kartendaten!$A$5:$U$94,6,FALSE)="legal",VLOOKUP(B104,Kartendaten!$A$5:$U$94,19,FALSE)="Nein",VLOOKUP(B104,Kartendaten!$A$5:$U$94,20,FALSE)="Ja",VLOOKUP(B104,Kartendaten!$A$5:$U$94,21,FALSE)="Ja",OR(F104="Standardland",SUMIF($B$5:$B$104,B104,$E$5:$E$104)=1)),"OK","PRÜFEN"),"PRÜFEN") | M104: https://scryfall.com/card/khm/275/the-world-tree?utm_source=api | N104: https://wuerfelwaechter.de/Kampagne/Details/7 | O104: =IFERROR(VLOOKUP(B104,Kartendaten!$A$5:$U$94,4,FALSE),"UNBEKANNT") | P104: =IF(ISNUMBER(SEARCH("Legendary",O104)),"Ja","Nein")

Sheet Designs
A1: 100 Designs · Figuren, Insider und Landschaften
A2: Bildbriefings für die neue Gestaltung. Flavor ist kein Regeltext; die echte Karte bleibt maßgeblich.
A4: Nr. | B4: Echte MTG-Karte | C4: Neuer Designname | D4: Konkretes Bildbriefing | E4: Flavor-Vorschlag | F4: Bewusste Adaption / Regelgrenze | G4: Bezug / Beleg | H4: Bildreferenz / URL
A5: 1 | B5: Esika, God of the Tree | C5: WürfelWächter · Wächter am Portal aller Geschichten | D5: Vorderseite: das Maskottchen exakt nach Logo – geschlossener blau-silberner Helm, WW-Emblem, wachsam vor einem leuchtenden fünffarbigen Torbogen; die Silhouetten der Kampagnen-Helden stehen ruhig neben ihm, alle in Bereitschaft. Rückseite (The Prismatic Bridge): nur der Torbogen als Regenbogen-Portal über einem aufgeschlagenen Logbuch, aus dem gerade eine Heldengestalt tritt. | E5: Der Wächter senkt die Wache nie – und hinter ihm öffnet sich das Portal. | F5: Modale Doppelkarte, unverändert (God // Legendary Enchantment). Vorderseite: Wachsamkeit und '{T}: ein Mana beliebiger Farbe' für andere legendäre Kreaturen – gedruckter Text, keine Würfelregel. Rückseite: pro Aufwertung eine Kreatur/Planeswalker aus der Bibliothek ins Spiel, Rest nach unten – gedruckter Text. Aus der Kommandozone ist immer nur eine Seite gleichzeitig im Spiel. | G5: WürfelWächter · Maskottchen / Commander | H5: https://wuerfelwaechter.de/images/WuerfelWaechter_bearbeitet.webp
A6: 2 | B6: Aurelia, the Warleader | C6: Jonvus Sonnenzorn-ChewChew, führt den Bund | D6: Jonvus in grün-silberner Rüstung mit der Drachenlanze, im Sturzflug an der Spitze der Octo’Talis-Formation; hinter ihm richtet sich die Gruppe zum zweiten Angriff auf. Die Ascheschrift seines verbrannten Pakts weht als Schweif hinter ihm. | E6: Hingabe ist kein Rückzug. Wir gehen voran. | F6: Legendary Creature — Angel Warrior bleibt unverändert. Beim ersten Angriff jede Runde: enttappe die angreifenden Kreaturen und es folgt eine zusätzliche Kampfphase – gedruckter Text, kein Schwur-Zusatz, keine Aura. | G6: Die Legende des Rubindrachen · Jonas | H6: https://wuerfelwaechter.de/images/Charakter/21_Jonvus.webp
A7: 3 | B7: Selvala, Explorer Returned | C7: Vorian Flammenzorn, zurück unter Sternen | D7: Vorian als Eladrin mit rotem Haar und Blattgewand, die Ilithkar-Schädelmaske am Gürtel; über ihm ein Sternbild-Zirkel, dessen Linien in Manafunken zerfallen, die an alle vier Himmelsrichtungen gehen. | E7: Wer aus dem Dienst Asmodeus’ zurückkehrt, teilt das Licht. | F7: Elf Scout bleibt. Parley wird von JEDEM Spieler mitentschieden; die zwei Lebenspunkte und die Karte für die Gegner sind Teil des echten Textes und werden nicht weggelassen. | G7: Die Legende des Rubindrachen · Kevin | H7: https://wuerfelwaechter.de/images/Charakter/58_Vorian.webp
A8: 4 | B8: Myrel, Shield of Argive | C8: Hemish, Bannerträger Octo’Talis’ | D8: Hemish als Ork nach Porträt, das Octo’Talis-Banner im Sturm; aus dem Bannerschatten treten schemenhafte Soldaten-Spielsteine. Schützender Lichtwall vor der Gruppe. | E8: Wir schaffen das, immerhin sind wir Octotalis. | F8: Human Soldier statt Ork-Bannerträger. Die Sperre gilt erst ab deinem zweiten Zug und nur während deines Kampfes; keine dauerhafte Stax-Regel. | G8: Die Legende des Rubindrachen · Jan | H8: https://wuerfelwaechter.de/images/Charakter/36_Hemish.webp
A9: 5 | B9: Ranar the Ever-Watchful | C9: Susi Lichtschwur, mit leichtem Schritt | D9: Susi nach dunklem Porträt, mit leichtem Schritt an einem fremden Zauberbuch vorbei; ein zweites, halb durchscheinendes Abbild von ihr tritt gerade aus dem Nichts zurück ins Bild. | E9: Hey du da! Ich bin Susi und wir sind Octo Talis. | F9: Spirit Warrior bleibt. 'Foretell / Ausblenden' und die Geist-Spielsteine sind der echte Kartentext; kein Diebstahl fremder Karten, keine Vampir-Regeln. | G9: Die Legende des Rubindrachen · Janna | H9: https://wuerfelwaechter.de/images/Charakter/70_Susi.webp
A10: 6 | B10: Arahbo, Roar of the World | C10: Damon Driftwood, Stärke schützt | D10: Weißmähniger Leonin nach Porträt im Schneesturm, schützend über der kleinen Cleemoe; ein löwenförmiger Lichtumriss legt sich wie ein Schild um beide. | E10: Werde stärker. Nicht härter. Stärke schützt. Härte bricht. | F10: Cat Avatar bleibt. Der 'Eminence'-Bonus wirkt schon aus der Kommandozone – das ist der gedruckte Text, keine neue Fähigkeit. Nur eine Katze pro Kampf. | G10: Icewind Dale – Rime of the Frostmaiden · Jonas | H10: https://wuerfelwaechter.de/images/Charakter/28_Damon_639202705446649369.webp
A11: 7 | B11: Kardur, Doomscourge | C11: Mumpfi Nebelhauer, Schuldner der Phaerimm | D11: Nilpferd-Offizier mit zwei Pistolen auf einer treibenden Eisscholle; das verbotene Phaerimm-Buch schwebt offen neben ihm und schickt dünne Fäden zu den Silhouetten seiner alten Gefährten, die sich bereits gegeneinander wenden. | E11: Jeden Kupfer zurückgezahlt. Und trotzdem alle gegen mich aufgebracht. | F11: Legendary Creature — Demon Berserker bleibt der Regeltyp. ETB: jeder Gegner opfert eine Kreatur. Danach: greift eine Kreatur an, die ein Gegner kontrolliert, verliert dieser Spieler 1 Leben – gedruckter Text, kein wählbarer Sabotage-Effekt. | G11: Icewind Dale – Rime of the Frostmaiden · Jonas | H11: https://wuerfelwaechter.de/images/Charakter/29_Nebelhauer_639241235686099760.webp
A12: 8 | B12: Giada, Font of Hope | C12: Cleemoe Driftwood, Hoffnung im Frost | D12: Cleemoe mit dunklen Hörnern und goldener Rüstung nach Porträt; sie singt, und aus dem Atem werden warme Lichtpartikel, die sich als Marken auf die Gefährten legen. | E12: Jedes Wesen hat Hoffnung verdient. | F12: Angel statt Tiefling-Paladin. 'Engel'-Bezüge im Text bleiben – die Marke geht beim Eintritt an eine andere legendäre oder eine Engelskreatur, wie gedruckt. Keine Paladin-Aura. | G12: Icewind Dale – Rime of the Frostmaiden · Janna | H12: https://wuerfelwaechter.de/images/Charakter/72_Klee.webp
A13: 9 | B13: Linden, the Steadfast Queen | C13: Lichtträger Duvek, Lathanders Beistand | D13: Duvek nach Porträt, kahlköpfig, in schlichtem Gewand mit Sonnensymbol; er hebt die Hand und ein sanftes Morgenlicht (Lathander) fällt auf die vorrückende Gruppe. | E13: Icewind Dale braucht Hilfe – also bin ich hier. | F13: Human Noble bleibt. Lebensgewinn nur, wenn eine weiße Kreatur angreift – gedruckter Text, keine Kleriker-Domäne, kein Massenheilen. | G13: Icewind Dale – Rime of the Frostmaiden · Hendrik | H13: https://wuerfelwaechter.de/images/Charakter/55_Duvek.webp
A14: 10 | B14: Svyelun of Sea and Sky | C14: Neriton, Geduld der Tiefe | D14: Neriton nach blauhäutigem Porträt auf schwarzem Eis; um ihn eine ruhige, kreisende Wasserwand, die erst beim Ausfall zur Strömung wird. Gischt und Ruhe zugleich. | E14: Tiefe ist Geduld. Strömung ist Kraft. | F14: Merfolk God bleibt. Unzerstörbarkeit und Unblockbarkeit gelten NUR, solange du einen weiteren Merfolk kontrollierst – gedruckte Bedingung, keine Mönchs-Sonderregeln. | G14: Icewind Dale – Rime of the Frostmaiden · Sebastian | H14: https://wuerfelwaechter.de/images/Charakter/33_Neriton.webp
A15: 11 | B15: Elenda, the Dusk Rose | C15: Sharalaq – „Ich bin euer Schild!“ | D15: Shara vor der Gruppe, der eigene Schatten zu einem großen Schild geformt; um ihn her lösen sich bereits einzelne Schattenfetzen, die die Umrisse künftiger Verbündeter andeuten. | E15: Ich bin euer Schild! … und wenn ich falle, bin ich viele. | F15: Legendary Creature — Vampire Cleric bleibt unverändert. Jeder Kreaturentod (auch gegnerisch) legt eine +1/+1-Marke auf Elenda; stirbt sie, erzeugst du X 1/1-Vampire mit Lebensverknüpfung (X = ihre Stärke) – gedruckter Text. Kein Echo-Knight-, kein Erzfee-Text. | G15: Sturm, Staub und Schatten · Dani | H15: https://wuerfelwaechter.de/images/Charakter/24_Shara_639243807374018146.webp
A16: 12 | B16: Talrand, Sky Summoner | C16: Quill, Hüter der verlorenen Seelen | D16: Quill als kleiner Gnom über einem aufgeschlagenen Foliant; aus den Seiten steigen blasse, drachenförmige Seelenlichter auf und kreisen schützend um die Gruppe. | E16: Die Welt bietet Geheimnisse – und jedes ruft etwas herbei. | F16: Legendary Creature — Merfolk Wizard bleibt der Regeltyp. Wann immer du einen Spontanzauber oder eine Hexerei wirkst, erzeuge einen 2/2 blauen Drake-Spielstein mit Flug – gedruckter Text. Keine Seelen-Sammel-Mechanik als Regel. | G16: Sturm, Staub und Schatten · Jonas | H16: https://wuerfelwaechter.de/images/Charakter/26_Quill_639241218056167554.webp
... A104: 100 | B104: The World Tree | C104: Abenteuer im Multiversum – Reise durchs All | D104: Ein gewaltiger Weltenbaum, dessen Äste verschiedene Planeten und Raumstationen tragen; kleine Sci-Fi-Silhouetten (KORG, Dr. Boom, Jack) reisen zwischen den Ästen. | E104: Eine Truppe aus Raumfahrern, Technikern und Zeitreisenden – und ein Baum, der jede Welt trägt. | F104: Land bleibt. '{T}: ein Mana beliebiger Farbe' erst ab 5+ Ländern; die {5}{G}{W}{U}{B}{R}-Fähigkeit holt Götter/Legenden aufs Feld – gedruckter Text. | G104: Abenteuer im Multiversum · Insider „Abenteuer im Multiversum“ (Zeile 17, Kampagnen-Format) | H104: https://wuerfelwaechter.de/images/Kampagne/7_Abenteuer_im_Multiversum.webp

Sheet Bildpaare
A1: Bildpaare · echte Originalkarte und WürfelWächter-Referenz
A2: Automatisch heruntergeladene Kartenbilder (Scryfall) und Webreferenzen (wuerfelwaechter.de). Die neuen Illustrationen entstehen daraus.
A4: Nr. | B4: Echte Originalkarte | C4: Vorhandene Webreferenz | D4: Original → WürfelWächter | E4: Motiv für die neue Illustration | F4: Regelgrenze der Gestaltung
A5: 1 | D5: Esika, God of the Tree WürfelWächter · Wächter am Portal aller Geschichten | E5: Vorderseite: das Maskottchen exakt nach Logo – geschlossener blau-silberner Helm, WW-Emblem, wachsam vor einem leuchtenden fünffarbigen Torbogen; die Silhouetten der Kampagnen-Helden stehen ruhig neben ihm, alle in Bereitschaft. Rückseite (The Prismatic Bridge): nur der Torbogen als Regenbogen-Portal über einem aufgeschlagenen Logbuch, aus dem gerade eine Heldengestalt tritt. | F5: Modale Doppelkarte, unverändert (God // Legendary Enchantment). Vorderseite: Wachsamkeit und '{T}: ein Mana beliebiger Farbe' für andere legendäre Kreaturen – gedruckter Text, keine Würfelregel. Rückseite: pro Aufwertung eine Kreatur/Planeswalker aus der Bibliothek ins Spiel, Rest nach unten – gedruckter Text. Aus der Kommandozone ist immer nur eine Seite gleichzeitig im Spiel.
A6: 2 | D6: Aurelia, the Warleader Jonvus Sonnenzorn-ChewChew, führt den Bund | E6: Jonvus in grün-silberner Rüstung mit der Drachenlanze, im Sturzflug an der Spitze der Octo’Talis-Formation; hinter ihm richtet sich die Gruppe zum zweiten Angriff auf. Die Ascheschrift seines verbrannten Pakts weht als Schweif hinter ihm. | F6: Legendary Creature — Angel Warrior bleibt unverändert. Beim ersten Angriff jede Runde: enttappe die angreifenden Kreaturen und es folgt eine zusätzliche Kampfphase – gedruckter Text, kein Schwur-Zusatz, keine Aura.
A7: 3 | D7: Selvala, Explorer Returned Vorian Flammenzorn, zurück unter Sternen | E7: Vorian als Eladrin mit rotem Haar und Blattgewand, die Ilithkar-Schädelmaske am Gürtel; über ihm ein Sternbild-Zirkel, dessen Linien in Manafunken zerfallen, die an alle vier Himmelsrichtungen gehen. | F7: Elf Scout bleibt. Parley wird von JEDEM Spieler mitentschieden; die zwei Lebenspunkte und die Karte für die Gegner sind Teil des echten Textes und werden nicht weggelassen.
A8: 4 | D8: Myrel, Shield of Argive Hemish, Bannerträger Octo’Talis’ | E8: Hemish als Ork nach Porträt, das Octo’Talis-Banner im Sturm; aus dem Bannerschatten treten schemenhafte Soldaten-Spielsteine. Schützender Lichtwall vor der Gruppe. | F8: Human Soldier statt Ork-Bannerträger. Die Sperre gilt erst ab deinem zweiten Zug und nur während deines Kampfes; keine dauerhafte Stax-Regel.
A9: 5 | D9: Ranar the Ever-Watchful Susi Lichtschwur, mit leichtem Schritt | E9: Susi nach dunklem Porträt, mit leichtem Schritt an einem fremden Zauberbuch vorbei; ein zweites, halb durchscheinendes Abbild von ihr tritt gerade aus dem Nichts zurück ins Bild. | F9: Spirit Warrior bleibt. 'Foretell / Ausblenden' und die Geist-Spielsteine sind der echte Kartentext; kein Diebstahl fremder Karten, keine Vampir-Regeln.
A10: 6 | D10: Arahbo, Roar of the World Damon Driftwood, Stärke schützt | E10: Weißmähniger Leonin nach Porträt im Schneesturm, schützend über der kleinen Cleemoe; ein löwenförmiger Lichtumriss legt sich wie ein Schild um beide. | F10: Cat Avatar bleibt. Der 'Eminence'-Bonus wirkt schon aus der Kommandozone – das ist der gedruckte Text, keine neue Fähigkeit. Nur eine Katze pro Kampf.
A11: 7 | D11: Kardur, Doomscourge Mumpfi Nebelhauer, Schuldner der Phaerimm | E11: Nilpferd-Offizier mit zwei Pistolen auf einer treibenden Eisscholle; das verbotene Phaerimm-Buch schwebt offen neben ihm und schickt dünne Fäden zu den Silhouetten seiner alten Gefährten, die sich bereits gegeneinander wenden. | F11: Legendary Creature — Demon Berserker bleibt der Regeltyp. ETB: jeder Gegner opfert eine Kreatur. Danach: greift eine Kreatur an, die ein Gegner kontrolliert, verliert dieser Spieler 1 Leben – gedruckter Text, kein wählbarer Sabotage-Effekt.
A12: 8 | D12: Giada, Font of Hope Cleemoe Driftwood, Hoffnung im Frost | E12: Cleemoe mit dunklen Hörnern und goldener Rüstung nach Porträt; sie singt, und aus dem Atem werden warme Lichtpartikel, die sich als Marken auf die Gefährten legen. | F12: Angel statt Tiefling-Paladin. 'Engel'-Bezüge im Text bleiben – die Marke geht beim Eintritt an eine andere legendäre oder eine Engelskreatur, wie gedruckt. Keine Paladin-Aura.
A13: 9 | D13: Linden, the Steadfast Queen Lichtträger Duvek, Lathanders Beistand | E13: Duvek nach Porträt, kahlköpfig, in schlichtem Gewand mit Sonnensymbol; er hebt die Hand und ein sanftes Morgenlicht (Lathander) fällt auf die vorrückende Gruppe. | F13: Human Noble bleibt. Lebensgewinn nur, wenn eine weiße Kreatur angreift – gedruckter Text, keine Kleriker-Domäne, kein Massenheilen.
A14: 10 | D14: Svyelun of Sea and Sky Neriton, Geduld der Tiefe | E14: Neriton nach blauhäutigem Porträt auf schwarzem Eis; um ihn eine ruhige, kreisende Wasserwand, die erst beim Ausfall zur Strömung wird. Gischt und Ruhe zugleich. | F14: Merfolk God bleibt. Unzerstörbarkeit und Unblockbarkeit gelten NUR, solange du einen weiteren Merfolk kontrollierst – gedruckte Bedingung, keine Mönchs-Sonderregeln.
A15: 11 | D15: Elenda, the Dusk Rose Sharalaq – „Ich bin euer Schild!“ | E15: Shara vor der Gruppe, der eigene Schatten zu einem großen Schild geformt; um ihn her lösen sich bereits einzelne Schattenfetzen, die die Umrisse künftiger Verbündeter andeuten. | F15: Legendary Creature — Vampire Cleric bleibt unverändert. Jeder Kreaturentod (auch gegnerisch) legt eine +1/+1-Marke auf Elenda; stirbt sie, erzeugst du X 1/1-Vampire mit Lebensverknüpfung (X = ihre Stärke) – gedruckter Text. Kein Echo-Knight-, kein Erzfee-Text.
A16: 12 | D16: Talrand, Sky Summoner Quill, Hüter der verlorenen Seelen | E16: Quill als kleiner Gnom über einem aufgeschlagenen Foliant; aus den Seiten steigen blasse, drachenförmige Seelenlichter auf und kreisen schützend um die Gruppe. | F16: Legendary Creature — Merfolk Wizard bleibt der Regeltyp. Wann immer du einen Spontanzauber oder eine Hexerei wirkst, erzeuge einen 2/2 blauen Drake-Spielstein mit Flug – gedruckter Text. Keine Seelen-Sammel-Mechanik als Regel.
... A104: 100 | D104: The World Tree Abenteuer im Multiversum – Reise durchs All | E104: Ein gewaltiger Weltenbaum, dessen Äste verschiedene Planeten und Raumstationen tragen; kleine Sci-Fi-Silhouetten (KORG, Dr. Boom, Jack) reisen zwischen den Ästen. | F104: Land bleibt. '{T}: ein Mana beliebiger Farbe' erst ab 5+ Ländern; die {5}{G}{W}{U}{B}{R}-Fähigkeit holt Götter/Legenden aufs Feld – gedruckter Text.

Sheet Kartendaten
A1: Die echten Karten · verifizierte Daten
A2: Einzigartige Originale · englischer Oracle-Text · Scryfall API · Papierdrucke bis 07.09.2026 · Commander-Status.
A4: Originalkarte | B4: Manakosten | C4: Manawert | D4: Original-Typzeile | E4: Haupttyp | F4: Commander-Status | G4: Farbidentität | H4: Stärke | I4: Widerstandskraft | J4: Loyalität | K4: Oracle-Regeltext (EN, unverändert) | L4: Set | M4: Sammlernummer | N4: Druckdatum | O4: Oracle-ID | P4: Original / Regeln | Q4: Bild-URL | R4: Original-Illustration | S4: Nur digital? | T4: Papierausgabe? | U4: Bis Stichtag?
A5: Esika, God of the Tree | B5: {1}{G}{G} // {W}{U}{B}{R}{G} | C5: 3 | D5: Legendary Creature — God // Legendary Enchantment | E5: Kreatur | F5: legal | G5: BGRUW | H5: 1 | I5: 4 | K5: Vigilance {T}: Add one mana of any color. Other legendary creatures you control have vigilance and "{T}: Add one mana of any color." // At the beginning of your upkeep, reveal cards from the top of your library until you reveal a creature or planeswalker card. Put that card onto the battlefield and the rest on the bottom of your library in a random order. | L5: KHM | M5: 168 | N5: 2021-02-05 | P5: https://scryfall.com/card/khm/168/esika-god-of-the-tree-the-prismatic-bridge?utm_source=api | Q5: https://cards.scryfall.io/normal/front/f/6/f6cd7465-9dd0-473c-ac5e-dd9e2f22f5f6.jpg?1783928221 | R5: Johannes Voss | S5: Nein | T5: Ja | U5: Ja
A6: Aurelia, the Warleader | B6: {2}{R}{R}{W}{W} | C6: 6 | D6: Legendary Creature — Angel | E6: Kreatur | F6: legal | G6: RW | H6: 3 | I6: 4 | K6: Flying, vigilance, haste Whenever Aurelia attacks for the first time each turn, untap all creatures you control. After this phase, there is an additional combat phase. | L6: FDN | M6: 651 | N6: 2024-11-15 | P6: https://scryfall.com/card/fdn/651/aurelia-the-warleader?utm_source=api | Q6: https://cards.scryfall.io/normal/front/b/c/bc6ffc1c-575b-4116-83c9-d13b29886c35.jpg?1783908915 | R6: Slawomir Maniak | S6: Nein | T6: Ja | U6: Ja
A7: Selvala, Explorer Returned | B7: {1}{G}{W} | C7: 3 | D7: Legendary Creature — Elf Scout | E7: Kreatur | F7: legal | G7: GW | H7: 2 | I7: 4 | K7: Parley — {T}: Each player reveals the top card of their library. For each nonland card revealed this way, add {G} and you gain 1 life. Then each player draws a card. (Activate only as an instant.) | L7: MKC | M7: 218 | N7: 2024-02-09 | P7: https://scryfall.com/card/mkc/218/selvala-explorer-returned?utm_source=api | Q7: https://cards.scryfall.io/normal/front/2/8/28c1b84a-a21b-4df1-9fc9-5b387fb56810.jpg?1786381273 | R7: Tyler Jacobson | S7: Nein | T7: Ja | U7: Ja
A8: Myrel, Shield of Argive | B8: {3}{W} | C8: 4 | D8: Legendary Creature — Human Soldier | E8: Kreatur | F8: legal | G8: W | H8: 3 | I8: 4 | K8: During your turn, your opponents can't cast spells or activate abilities of artifacts, creatures, or enchantments. Whenever Myrel attacks, create X 1/1 colorless Soldier artifact creature tokens, where X is the number of Soldiers you control. | L8: BRO | M8: 18 | N8: 2022-11-18 | P8: https://scryfall.com/card/bro/18/myrel-shield-of-argive?utm_source=api | Q8: https://cards.scryfall.io/normal/front/e/6/e632ed57-bb00-4493-adef-7b4805edd7ea.jpg?1783920129 | R8: Ryan Pancoast | S8: Nein | T8: Ja | U8: Ja
A9: Ranar the Ever-Watchful | B9: {2}{W}{U} | C9: 4 | D9: Legendary Creature — Spirit Warrior | E9: Kreatur | F9: legal | G9: UW | H9: 2 | I9: 3 | K9: Flying, vigilance The first card you foretell each turn costs {0} to foretell. Whenever one or more cards are put into exile from your hand or a spell or ability you control exiles one or more permanents from the battlefield, create a 1/1 white Spirit creature token with flying. | L9: KHC | M9: 2 | N9: 2021-02-05 | P9: https://scryfall.com/card/khc/2/ranar-the-ever-watchful?utm_source=api | Q9: https://cards.scryfall.io/normal/front/1/c/1c8c41dd-8551-4ce8-a9be-9b9f65718852.jpg?1783928341 | R9: Kieran Yanner | S9: Nein | T9: Ja | U9: Ja
A10: Arahbo, Roar of the World | B10: {3}{G}{W} | C10: 5 | D10: Legendary Creature — Cat Avatar | E10: Kreatur | F10: legal | G10: GW | H10: 5 | I10: 5 | K10: Eminence — At the beginning of combat on your turn, if Arahbo is in the command zone or on the battlefield, another target Cat you control gets +3/+3 until end of turn. Whenever another Cat you control attacks, you may pay {1}{G}{W}. If you do, it gains trample and gets +X/+X until end of turn, where X is its power. | L10: C17 | M10: 35 | N10: 2017-08-25 | P10: https://scryfall.com/card/c17/35/arahbo-roar-of-the-world?utm_source=api | Q10: https://cards.scryfall.io/normal/front/8/1/81dc3d00-97cd-4549-b5a4-15a1e08767f5.jpg?1783935939 | R10: Jesper Ejsing | S10: Nein | T10: Ja | U10: Ja
A11: Kardur, Doomscourge | B11: {2}{B}{R} | C11: 4 | D11: Legendary Creature — Demon Berserker | E11: Kreatur | F11: legal | G11: BR | H11: 4 | I11: 3 | K11: When Kardur enters, until your next turn, creatures your opponents control attack each combat if able and attack a player other than you if able. Whenever an attacking creature dies, each opponent loses 1 life and you gain 1 life. | L11: DSC | M11: 223 | N11: 2024-09-27 | P11: https://scryfall.com/card/dsc/223/kardur-doomscourge?utm_source=api | Q11: https://cards.scryfall.io/normal/front/7/c/7c0f7712-7bbf-471b-8107-3a49cf922ad9.jpg?1783909592 | R11: Chris Rahn | S11: Nein | T11: Ja | U11: Ja
A12: Giada, Font of Hope | B12: {1}{W} | C12: 2 | D12: Legendary Creature — Angel | E12: Kreatur | F12: legal | G12: W | H12: 2 | I12: 2 | K12: Flying, vigilance Each other Angel you control enters with an additional +1/+1 counter on it for each Angel you already control. {T}: Add {W}. Spend this mana only to cast an Angel spell. | L12: FDN | M12: 141 | N12: 2024-11-15 | P12: https://scryfall.com/card/fdn/141/giada-font-of-hope?utm_source=api | Q12: https://cards.scryfall.io/normal/front/8/a/8ae6fc26-cfad-4da8-98d9-49c27c24d293.jpg?1783909085 | R12: Kai Carpenter | S12: Nein | T12: Ja | U12: Ja
A13: Linden, the Steadfast Queen | B13: {W}{W}{W} | C13: 3 | D13: Legendary Creature — Human Noble | E13: Kreatur | F13: legal | G13: W | H13: 3 | I13: 3 | K13: Vigilance (Attacking doesn't cause this creature to tap.) Whenever a white creature you control attacks, you gain 1 life. | L13: FDN | M13: 737 | N13: 2026-04-24 | P13: https://scryfall.com/card/fdn/737/linden-the-steadfast-queen?utm_source=api | Q13: https://cards.scryfall.io/normal/front/e/0/e0bb07cd-9b74-4ba7-8089-27a565d74197.jpg?1787563118 | R13: Ryan Pancoast | S13: Nein | T13: Ja | U13: Ja
A14: Svyelun of Sea and Sky | B14: {1}{U}{U} | C14: 3 | D14: Legendary Creature — Merfolk God | E14: Kreatur | F14: legal | G14: U | H14: 3 | I14: 4 | K14: Svyelun has indestructible as long as you control at least two other Merfolk. Whenever Svyelun attacks, draw a card. Other Merfolk you control have ward {1}. (Whenever another Merfolk you control becomes the target of a spell or ability an opponent controls, counter it unless that player pays {1}.) | L14: LCC | M14: 175 | N14: 2023-11-17 | P14: https://scryfall.com/card/lcc/175/svyelun-of-sea-and-sky?utm_source=api | Q14: https://cards.scryfall.io/normal/front/0/1/01f5ab00-5305-4ac4-915d-feeb591f9389.jpg?1783913880 | R14: Seb McKinnon | S14: Nein | T14: Ja | U14: Ja
A15: Elenda, the Dusk Rose | B15: {2}{W}{B} | C15: 4 | D15: Legendary Creature — Vampire Knight | E15: Kreatur | F15: legal | G15: BW | H15: 1 | I15: 1 | K15: Lifelink Whenever another creature dies, put a +1/+1 counter on Elenda. When Elenda dies, create X 1/1 white Vampire creature tokens with lifelink, where X is Elenda's power. | L15: LCC | M15: 268 | N15: 2023-11-17 | P15: https://scryfall.com/card/lcc/268/elenda-the-dusk-rose?utm_source=api | Q15: https://cards.scryfall.io/normal/front/e/1/e18feca3-1b1b-4456-8873-25a24849a917.jpg?1783913851 | R15: Chris Rahn | S15: Nein | T15: Ja | U15: Ja
A16: Talrand, Sky Summoner | B16: {2}{U}{U} | C16: 4 | D16: Legendary Creature — Merfolk Wizard | E16: Kreatur | F16: legal | G16: U | H16: 2 | I16: 2 | K16: Whenever you cast an instant or sorcery spell, create a 2/2 blue Drake creature token with flying. | L16: OTC | M16: 116 | N16: 2024-04-19 | P16: https://scryfall.com/card/otc/116/talrand-sky-summoner?utm_source=api | Q16: https://cards.scryfall.io/normal/front/1/b/1be3ed47-072e-481a-b3d9-dc232ac4b24f.jpg?1783911937 | R16: Svetlin Velinov | S16: Nein | T16: Ja | U16: Ja
... A19: Halvar, God of Battle | B19: {2}{W}{W} // {1}{W} | C19: 4 | D19: Legendary Creature — God // Legendary Artifact — Equipment | E19: Kreatur | F19: legal | G19: W | H19: 4 | I19: 4 | K19: Creatures you control that are enchanted or equipped have double strike. At the beginning of each combat, you may attach target Aura or Equipment attached to a creature you control to target creature you control. // Equipped creature gets +2/+0 and has vigilance. Whenever equipped creature dies, return it to its owner's hand. Equip {1}{W} | L19: KHM | M19: 15 | N19: 2021-02-05 | P19: https://scryfall.com/card/khm/15/halvar-god-of-battle-sword-of-the-realms?utm_source=api | Q19: https://cards.scryfall.io/normal/front/9/7/97502411-5c93-434c-b77b-ceb2c32feae7.jpg?1783928291 | R19: Lie Setiawan | S19: Nein | T19: Ja | U19: Ja
A20: Wrenn and Seven | B20: {3}{G}{G} | C20: 5 | D20: Legendary Planeswalker — Wrenn | E20: Planeswalker | F20: legal | G20: G | J20: 5 | K20: +1: Reveal the top four cards of your library. Put all land cards revealed this way into your hand and the rest into your graveyard. 0: Put any number of land cards from your hand onto the battlefield tapped. −3: Create a green Treefolk creature token with reach and "This token's power and toughness are each equal to the number of lands you control." −8: Return all permanent cards from your graveyard to your hand. You get an emblem with "You have no maximum hand size." | L20: INR | M20: 226 | N20: 2025-01-24 | P20: https://scryfall.com/card/inr/226/wrenn-and-seven?utm_source=api | Q20: https://cards.scryfall.io/normal/front/3/0/302f0dc1-88ab-4961-b78c-fbe7980dca18.jpg?1783908083 | R20: Heonhwa | S20: Nein | T20: Ja | U20: Ja
A21: Serra Paragon | B21: {2}{W}{W} | C21: 4 | D21: Creature — Angel | E21: Kreatur | F21: legal | G21: W | H21: 3 | I21: 4 | K21: Flying Once during each of your turns, you may play a land from your graveyard or cast a permanent spell with mana value 3 or less from your graveyard. If you do, it gains "When this permanent is put into a graveyard from the battlefield, exile it and you gain 2 life." | L21: SOC | M21: 169 | N21: 2026-04-24 | P21: https://scryfall.com/card/soc/169/serra-paragon?utm_source=api | Q21: https://cards.scryfall.io/normal/front/8/e/8e77a410-a053-4349-950c-d59e76b17923.jpg?1783903802 | R21: Heonhwa | S21: Nein | T21: Ja | U21: Ja
A22: Adeline, Resplendent Cathar | B22: {1}{W}{W} | C22: 3 | D22: Legendary Creature — Human Knight | E22: Kreatur | F22: legal | G22: W | H22: * | I22: 4 | K22: Vigilance Adeline's power is equal to the number of creatures you control. Whenever you attack, for each opponent, create a 1/1 white Human creature token that's tapped and attacking that player or a planeswalker they control. | L22: TDC | M22: 108 | N22: 2025-04-11 | P22: https://scryfall.com/card/tdc/108/adeline-resplendent-cathar?utm_source=api | Q22: https://cards.scryfall.io/normal/front/1/d/1de30c12-2011-495a-be25-f7a46b23e142.jpg?1783907131 | R22: Bryan Sola | S22: Nein | T22: Ja | U22: Ja
A23: Queen Marchesa | B23: {1}{R}{W}{B} | C23: 4 | D23: Legendary Creature — Human Assassin | E23: Kreatur | F23: legal | G23: BRW | H23: 3 | I23: 3 | K23: Deathtouch, haste When Queen Marchesa enters, you become the monarch. At the beginning of your upkeep, if an opponent is the monarch, create a 1/1 black Assassin creature token with deathtouch and haste. | L23: OTC | M23: 239 | N23: 2024-04-19 | P23: https://scryfall.com/card/otc/239/queen-marchesa?utm_source=api | Q23: https://cards.scryfall.io/normal/front/0/f/0fdae05f-7bdc-45fb-b9b9-e5ec3766f965.jpg?1783911896 | R23: Kieran Yanner | S23: Nein | T23: Ja | U23: Ja
A24: Kraum, Ludevic's Opus | B24: {3}{U}{R} | C24: 5 | D24: Legendary Creature — Zombie Horror | E24: Kreatur | F24: legal | G24: RU | H24: 4 | I24: 4 | K24: Flying, haste Whenever an opponent casts their second spell each turn, draw a card. Partner (You can have two commanders if both have partner.) | L24: C16 | M24: 34 | N24: 2016-11-11 | P24: https://scryfall.com/card/c16/34/kraum-ludevics-opus?utm_source=api | Q24: https://cards.scryfall.io/normal/front/5/5/557fcd17-6cb3-414a-b2b1-ea9ae32e5aec.jpg?1783937084 | R24: Aaron Miller | S24: Nein | T24: Ja | U24: Ja
A25: Toxrill, the Corrosive | B25: {5}{B}{B} | C25: 7 | D25: Legendary Creature — Slug Horror | E25: Kreatur | F25: legal | G25: BU | H25: 7 | I25: 7 | K25: At the beginning of each end step, put a slime counter on each creature you don't control. Creatures you don't control get -1/-1 for each slime counter on them. Whenever a creature you don't control with a slime counter on it dies, create a 1/1 black Slug creature token. {U}{B}, Sacrifice a Slug: Draw a card. | L25: VOW | M25: 132 | N25: 2021-11-19 | P25: https://scryfall.com/card/vow/132/toxrill-the-corrosive?utm_source=api | Q25: https://cards.scryfall.io/normal/front/8/4/84e64f38-b1f3-47cd-8cfb-a4861369aca3.jpg?1783924850 | R25: Simon Dominic | S25: Nein | T25: Ja | U25: Ja
A26: Nemata, Primeval Warden | B26: {2}{B}{G} | C26: 4 | D26: Legendary Creature — Treefolk | E26: Kreatur | F26: legal | G26: BG | H26: 3 | I26: 4 | K26: Reach If a creature an opponent controls would die, exile it instead. When you do, create a 1/1 green Saproling creature token. {G}, Sacrifice a Saproling: Nemata gets +2/+2 until end of turn. {1}{B}, Sacrifice two Saprolings: Draw a card. | L26: DMU | M26: 209 | N26: 2022-09-09 | P26: https://scryfall.com/card/dmu/209/nemata-primeval-warden?utm_source=api | Q26: https://cards.scryfall.io/normal/front/a/d/adcd556d-351f-4faf-9456-0e47def69a69.jpg?1783921281 | R26: Andrew Mar | S26: Nein | T26: Ja | U26: Ja
A27: Toralf, God of Fury | B27: {2}{R}{R} // {1}{R} | C27: 4 | D27: Legendary Creature — God // Legendary Artifact — Equipment | E27: Kreatur | F27: legal | G27: R | H27: 5 | I27: 4 | K27: Trample Whenever a creature or planeswalker an opponent controls is dealt excess noncombat damage, Toralf deals damage equal to the excess to any target other than that permanent. // Equipped creature has "{1}{R}, {T}, Unattach Toralf's Hammer: It deals 3 damage to any target. Return Toralf's Hammer to its owner's hand." Equipped creature gets +3/+0 as long as it's legendary. Equip {1}{R} | L27: KHM | M27: 154 | N27: 2021-02-05 | P27: https://scryfall.com/card/khm/154/toralf-god-of-fury-toralfs-hammer?utm_source=api | Q27: https://cards.scryfall.io/normal/front/2/2/22a6a5f1-1405-4efb-af3e-e1f58d664e99.jpg?1783928227 | R27: Tyler Jacobson | S27: Nein | T27: Ja | U27: Ja
A28: Heliod, Sun-Crowned | B28: {2}{W} | C28: 3 | D28: Legendary Enchantment Creature — God | E28: Kreatur | F28: legal | G28: W | H28: 5 | I28: 5 | K28: Indestructible As long as your devotion to white is less than five, Heliod isn't a creature. Whenever you gain life, put a +1/+1 counter on target creature or enchantment you control. {1}{W}: Another target creature gains lifelink until end of turn. | L28: CMM | M28: 29 | N28: 2023-08-04 | P28: https://scryfall.com/card/cmm/29/heliod-sun-crowned?utm_source=api | Q28: https://cards.scryfall.io/normal/front/3/2/3245ff74-1f9c-4518-a23f-1579f338f232.jpg?1783915722 | R28: Lius Lasahido | S28: Nein | T28: Ja | U28: Ja
A29: Krenko, Mob Boss | B29: {2}{R}{R} | C29: 4 | D29: Legendary Creature — Goblin Warrior | E29: Kreatur | F29: legal | G29: R | H29: 3 | I29: 3 | K29: {T}: Create X 1/1 red Goblin creature tokens, where X is the number of Goblins you control. | L29: FDN | M29: 204 | N29: 2024-11-15 | P29: https://scryfall.com/card/fdn/204/krenko-mob-boss?utm_source=api | Q29: https://cards.scryfall.io/normal/front/8/2/824b2d73-2151-4e5e-9f05-8f63e2bdcaa9.jpg?1783909065 | R29: Lie Setiawan | S29: Nein | T29: Ja | U29: Ja
A30: Xanathar, Guild Kingpin | B30: {4}{U}{B} | C30: 6 | D30: Legendary Creature — Beholder | E30: Kreatur | F30: legal | G30: BU | H30: 5 | I30: 6 | K30: At the beginning of your upkeep, choose target opponent. Until end of turn, that player can't cast spells, you may look at the top card of their library any time, you may play the top card of their library, and you may spend mana as though it were mana of any color to cast spells this way. | L30: AFR | M30: 239 | N30: 2021-07-23 | P30: https://scryfall.com/card/afr/239/xanathar-guild-kingpin?utm_source=api | Q30: https://cards.scryfall.io/normal/front/5/b/5bc58050-a615-4090-9cf5-cd49ccb4e2c6.jpg?1783926441 | R30: Kieran Yanner | S30: Nein | T30: Ja | U30: Ja
A31: Surrak Dragonclaw | B31: {2}{G}{U}{R} | C31: 5 | D31: Legendary Creature — Human Warrior | E31: Kreatur | F31: legal | G31: GRU | H31: 6 | I31: 6 | K31: Flash This spell can't be countered. Creature spells you control can't be countered. Other creatures you control have trample. | L31: DMC | M31: 169 | N31: 2022-09-09 | P31: https://scryfall.com/card/dmc/169/surrak-dragonclaw?utm_source=api | Q31: https://cards.scryfall.io/normal/front/e/8/e8efe72d-3c01-4dd6-b3dd-0382ac09dc52.jpg?1783921404 | R31: Jaime Jones | S31: Nein | T31: Ja | U31: Ja
A32: Faramir, Steward of Gondor | B32: {1}{W}{U} | C32: 3 | D32: Legendary Creature — Human Noble | E32: Kreatur | F32: legal | G32: UW | H32: 2 | I32: 2 | K32: Whenever a legendary creature you control with mana value 4 or greater enters, you become the monarch. At the beginning of your end step, if you're the monarch, create two 1/1 white Human Soldier creature tokens. | L32: LTC | M32: 54 | N32: 2023-06-23 | P32: https://scryfall.com/card/ltc/54/faramir-steward-of-gondor?utm_source=api | Q32: https://cards.scryfall.io/normal/front/5/c/5c3e8a30-de2a-4d8f-a929-5abeaea2e65a.jpg?1783916020 | R32: Anna Podedworna | S32: Nein | T32: Ja | U32: Ja
A33: Blasphemous Act | B33: {8}{R} | C33: 9 | D33: Sorcery | E33: Hexerei | F33: legal | G33: R | K33: This spell costs {1} less to cast for each creature on the battlefield. Blasphemous Act deals 13 damage to each creature. | L33: MSC | M33: 163 | N33: 2026-06-26 | P33: https://scryfall.com/card/msc/163/blasphemous-act?utm_source=api | Q33: https://cards.scryfall.io/normal/front/7/d/7d4b1d44-126e-4987-9a9f-f0f9627a09cb.jpg?1783903234 | R33: Immanuela Crovius | S33: Nein | T33: Ja | U33: Ja
A34: Mystic Remora | B34: {U} | C34: 1 | D34: Enchantment | E34: Verzauberung | F34: legal | G34: U | K34: Cumulative upkeep {1} (At the beginning of your upkeep, put an age counter on this permanent, then sacrifice it unless you pay its upkeep cost for each age counter on it.) Whenever an opponent casts a noncreature spell, you may draw a card unless that player pays {4}. | L34: DMR | M34: 59 | N34: 2023-01-13 | O34: 8a52f3c0-2552-4425-b2e3-5496eb2232a7 | P34: https://scryfall.com/card/dmr/59/mystic-remora?utm_source=api | Q34: https://cards.scryfall.io/normal/front/4/0/40140991-cffa-4b52-9a25-37e9a8aa9ddd.jpg?1783918491 | R34: Jesper Ejsing | S34: Nein | T34: Ja | U34: Ja
A35: Rancor | B35: {G} | C35: 1 | D35: Enchantment — Aura | E35: Verzauberung | F35: legal | G35: G | K35: Enchant creature Enchanted creature gets +2/+0 and has trample. When this Aura is put into a graveyard from the battlefield, return it to its owner's hand. | L35: 2X2 | M35: 156 | N35: 2022-07-08 | O35: 9d2d6479-531c-4ce1-b52b-00e36fa63b64 | P35: https://scryfall.com/card/2x2/156/rancor?utm_source=api | Q35: https://cards.scryfall.io/normal/front/8/6/86d6b411-4a31-4bfc-8dd6-e19f553bb29b.jpg?1783921864 | R35: Kev Walker | S35: Nein | T35: Ja | U35: Ja
A36: Bloom Tender | B36: {1}{G} | C36: 2 | D36: Creature — Elf Druid | E36: Kreatur | F36: legal | G36: G | H36: 1 | I36: 1 | K36: Vivid — {T}: For each color among permanents you control, add one mana of that color. | L36: ECL | M36: 166 | N36: 2026-01-23 | O36: 0c23fefe-9891-4dd8-9bb1-eebdb3274e31 | P36: https://scryfall.com/card/ecl/166/bloom-tender?utm_source=api | Q36: https://cards.scryfall.io/normal/front/b/a/ba86688d-18f0-4b5c-a797-42bf125a6c9f.jpg?1783904436 | R36: Nils Hamm | S36: Nein | T36: Ja | U36: Ja
A37: Kodama's Reach | B37: {2}{G} | C37: 3 | D37: Sorcery — Arcane | E37: Hexerei | F37: legal | G37: G | K37: Search your library for up to two basic land cards, reveal those cards, put one onto the battlefield tapped and the other into your hand, then shuffle. | L37: ECC | M37: 113 | N37: 2026-01-23 | O37: 1593ea18-2f2f-4ab4-83fb-6ccc0bec8a90 | P37: https://scryfall.com/card/ecc/113/kodamas-reach?utm_source=api | Q37: https://cards.scryfall.io/normal/front/9/0/90c423cc-1264-4067-9c50-e7c88c68ef2d.jpg?1783904544 | R37: John Avon | S37: Nein | T37: Ja | U37: Ja
A38: Rhystic Study | B38: {2}{U} | C38: 3 | D38: Enchantment | E38: Verzauberung | F38: legal | G38: U | K38: Whenever an opponent casts a spell, you may draw a card unless that player pays {1}. | L38: J22 | M38: 114 | N38: 2022-12-02 | O38: 53236dd7-845a-444c-96d5-f41ed7325d8f | P38: https://scryfall.com/card/j22/114/rhystic-study?utm_source=api | Q38: https://cards.scryfall.io/normal/front/9/f/9f37c5b6-a59c-45cd-9a99-e9357fe9ea1b.jpg?1783919146 | R38: Tatiana Kirgetova | S38: Nein | T38: Ja | U38: Ja
A39: Balefire Dragon | B39: {5}{R}{R} | C39: 7 | D39: Creature — Dragon | E39: Kreatur | F39: legal | G39: R | H39: 6 | I39: 6 | K39: Flying Whenever this creature deals combat damage to a player, it deals that much damage to each creature that player controls. | L39: INR | M39: 479 | N39: 2025-01-24 | O39: 3d783beb-9ca6-4681-9276-fc3ad13b993f | P39: https://scryfall.com/card/inr/479/balefire-dragon?utm_source=api | Q39: https://cards.scryfall.io/normal/front/e/4/e4510ee2-8a2e-4fe5-94af-df420a6a35a0.jpg?1783907975 | R39: Eric Deschamps | S39: Nein | T39: Ja | U39: Ja
A40: Toxic Deluge | B40: {2}{B} | C40: 3 | D40: Sorcery | E40: Hexerei | F40: legal | G40: B | K40: As an additional cost to cast this spell, pay X life. All creatures get -X/-X until end of turn. | L40: MSC | M40: 161 | N40: 2026-06-26 | P40: https://scryfall.com/card/msc/161/toxic-deluge?utm_source=api | Q40: https://cards.scryfall.io/normal/front/d/e/de5afccc-8d42-4bd6-b068-b9ea2361655e.jpg?1783903236 | R40: Anthony Devine | S40: Nein | T40: Ja | U40: Ja
A41: Chromatic Lantern | B41: {3} | C41: 3 | D41: Artifact | E41: Artefakt | F41: legal | G41: — | K41: Lands you control have "{T}: Add one mana of any color." {T}: Add one mana of any color. | L41: RTR | M41: 226 | N41: 2012-10-05 | P41: https://scryfall.com/card/rtr/226/chromatic-lantern?utm_source=api | Q41: https://cards.scryfall.io/normal/front/5/7/57f4e0f0-13d1-43ed-8d95-13cff94a26e7.jpg?1783940325 | R41: Jung Park | S41: Nein | T41: Ja | U41: Ja
A42: Anguished Unmaking | B42: {1}{W}{B} | C42: 3 | D42: Instant | E42: Spontanzauber | F42: legal | G42: BW | K42: Exile target nonland permanent. You lose 3 life. | L42: SOC | M42: 293 | N42: 2026-04-24 | P42: https://scryfall.com/card/soc/293/anguished-unmaking?utm_source=api | Q42: https://cards.scryfall.io/normal/front/4/0/407183c6-c962-4f8c-867e-abc309b6c573.jpg?1783903759 | R42: Wesley Burt | S42: Nein | T42: Ja | U42: Ja
A43: Garruk's Uprising | B43: {2}{G} | C43: 3 | D43: Enchantment | E43: Verzauberung | F43: legal | G43: G | K43: When this enchantment enters, if you control a creature with power 4 or greater, draw a card. Creatures you control have trample. (Each of those creatures can deal excess combat damage to the player or planeswalker it's attacking.) Whenever a creature you control with power 4 or greater enters, draw a card. | L43: ECC | M43: 109 | N43: 2026-01-23 | O43: 3127ae9b-a7a7-43ec-89d7-688f8445b33d | P43: https://scryfall.com/card/ecc/109/garruks-uprising?utm_source=api | Q43: https://cards.scryfall.io/normal/front/b/5/b58c4033-f764-42f6-966f-b7202a2babbf.jpg?1783904546 | R43: Wisnu Tan | S43: Nein | T43: Ja | U43: Ja
A44: Cathars' Crusade | B44: {3}{W}{W} | C44: 5 | D44: Enchantment | E44: Verzauberung | F44: legal | G44: W | K44: Whenever a creature you control enters, put a +1/+1 counter on each creature you control. | L44: INR | M44: 17 | N44: 2025-01-24 | O44: cc65ac73-5bef-4ecb-ad8e-39199084c027 | P44: https://scryfall.com/card/inr/17/cathars-crusade?utm_source=api | Q44: https://cards.scryfall.io/normal/front/5/2/5296e353-2efc-4d72-a877-7957eff630b9.jpg?1783908185 | R44: Karl Kopinski | S44: Nein | T44: Ja | U44: Ja
A45: Mimic Vat | B45: {3} | C45: 3 | D45: Artifact | E45: Artefakt | F45: legal | G45: — | K45: Imprint — Whenever a nontoken creature dies, you may exile that card. If you do, return each other card exiled with this artifact to its owner's graveyard. {3}, {T}: Create a token that's a copy of a card exiled with this artifact. It gains haste. Exile it at the beginning of the next end step. | L45: NCC | M45: 372 | N45: 2022-04-29 | O45: 6ebdc9f3-6b23-4716-8011-48f00d7e30c8 | P45: https://scryfall.com/card/ncc/372/mimic-vat?utm_source=api | Q45: https://cards.scryfall.io/normal/front/d/f/dfa8757b-ef7d-44b8-ae80-45c436e85c1e.jpg?1783923213 | R45: Donato Giancola | S45: Nein | T45: Ja | U45: Ja
A46: Seedborn Muse | B46: {3}{G}{G} | C46: 5 | D46: Creature — Spirit | E46: Kreatur | F46: legal | G46: G | H46: 2 | I46: 4 | K46: Untap all permanents you control during each other player's untap step. | L46: TDC | M46: 268 | N46: 2025-04-11 | O46: 463865bc-087e-477b-9e86-84e77f1ad931 | P46: https://scryfall.com/card/tdc/268/seedborn-muse?utm_source=api | Q46: https://cards.scryfall.io/normal/front/7/6/76f58441-5674-4f1e-af9b-94e14ab7e619.jpg?1783907041 | R46: Adam Rex | S46: Nein | T46: Ja | U46: Ja
A47: Pongify | B47: {U} | C47: 1 | D47: Instant | E47: Spontanzauber | F47: legal | G47: U | K47: Destroy target creature. It can't be regenerated. Its controller creates a 3/3 green Ape creature token. | L47: TDC | M47: 160 | N47: 2025-04-11 | P47: https://scryfall.com/card/tdc/160/pongify?utm_source=api | Q47: https://cards.scryfall.io/normal/front/4/1/4131fa63-5afc-4b63-a4b4-f47b4bced87f.jpg?1783907100 | R47: Heather Hudson | S47: Nein | T47: Ja | U47: Ja
A48: Deadly Rollick | B48: {3}{B} | C48: 4 | D48: Instant | E48: Spontanzauber | F48: legal | G48: B | K48: If you control a commander, you may cast this spell without paying its mana cost. Exile target creature. | L48: CMM | M48: 147 | N48: 2023-08-04 | P48: https://scryfall.com/card/cmm/147/deadly-rollick?utm_source=api | Q48: https://cards.scryfall.io/normal/front/0/e/0e13f735-54fa-42b6-aea4-ced33811d7d4.jpg?1783915679 | R48: Izzy | S48: Nein | T48: Ja | U48: Ja
A49: Wood Elves | B49: {2}{G} | C49: 3 | D49: Creature — Elf Scout | E49: Kreatur | F49: legal | G49: G | H49: 1 | I49: 1 | K49: When this creature enters, search your library for a Forest card, put that card onto the battlefield, then shuffle. | L49: HOB | M49: 142 | N49: 2026-08-14 | P49: https://scryfall.com/card/hob/142/wood-elves?utm_source=api | Q49: https://cards.scryfall.io/normal/front/2/4/2476e42b-b209-4207-8ed9-cb668f89b218.jpg?1783902784 | R49: Andreia Ugrai | S49: Nein | T49: Ja | U49: Ja
A50: Kenrith's Transformation | B50: {1}{G} | C50: 2 | D50: Enchantment — Aura | E50: Verzauberung | F50: legal | G50: G | K50: Enchant creature When this Aura enters, draw a card. Enchanted creature loses all abilities and is a green Elk creature with base power and toughness 3/3. (It loses all other card types and creature types.) | L50: AFC | M50: 162 | N50: 2021-07-23 | P50: https://scryfall.com/card/afc/162/kenriths-transformation?utm_source=api | Q50: https://cards.scryfall.io/normal/front/4/4/44d60a41-3f5e-4559-b18c-22c0fe15235e.jpg?1783926190 | R50: Kimonas Theodossiou | S50: Nein | T50: Ja | U50: Ja
A51: Sol Ring | B51: {1} | C51: 1 | D51: Artifact | E51: Artefakt | F51: legal | G51: — | K51: {T}: Add {C}{C}. | L51: MSC | M51: 211 | N51: 2026-06-26 | P51: https://scryfall.com/card/msc/211/sol-ring?utm_source=api | Q51: https://cards.scryfall.io/normal/front/9/1/91fdb56b-54d5-4272-8319-505ff987fe9b.jpg?1783903215 | R51: Myles Wohl | S51: Nein | T51: Ja | U51: Ja
A52: Heroic Intervention | B52: {1}{G} | C52: 2 | D52: Instant | E52: Spontanzauber | F52: legal | G52: G | K52: Permanents you control gain hexproof and indestructible until end of turn. | L52: CMM | M52: 295 | N52: 2023-08-04 | P52: https://scryfall.com/card/cmm/295/heroic-intervention?utm_source=api | Q52: https://cards.scryfall.io/normal/front/e/3/e32c67d1-187f-40df-b3b3-6036f5c92834.jpg?1783915629 | R52: James Ryman | S52: Nein | T52: Ja | U52: Ja
A53: Delina, Wild Mage | B53: {3}{R} | C53: 4 | D53: Legendary Creature — Elf Shaman | E53: Kreatur | F53: legal | G53: R | H53: 3 | I53: 2 | K53: Whenever Delina attacks, choose target creature you control, then roll a d20. 1—14 | Create a tapped and attacking token that's a copy of that creature, except it's not legendary and it has "At end of combat, exile this token." 15—20 | Create one of those tokens. You may roll again. | L53: AFR | M53: 138 | N53: 2021-07-23 | P53: https://scryfall.com/card/afr/138/delina-wild-mage?utm_source=api | Q53: https://cards.scryfall.io/normal/front/e/8/e87459aa-af8f-4bd2-a310-151353083a2e.jpg?1783926480 | R53: Wisnu Tan | S53: Nein | T53: Ja | U53: Ja
A54: Bake into a Pie | B54: {2}{B}{B} | C54: 4 | D54: Instant | E54: Spontanzauber | F54: legal | G54: B | K54: Destroy target creature. Create a Food token. (It's an artifact with "{2}, {T}, Sacrifice this token: You gain 3 life.") | L54: FDN | M54: 169 | N54: 2024-11-15 | P54: https://scryfall.com/card/fdn/169/bake-into-a-pie?utm_source=api | Q54: https://cards.scryfall.io/normal/front/2/a/2ab0e660-86a3-4b92-82fa-77dcb5db947d.jpg?1783909076 | R54: Zoltan Boros | S54: Nein | T54: Ja | U54: Ja
A55: Sakura-Tribe Elder | B55: {1}{G} | C55: 2 | D55: Creature — Snake Shaman | E55: Kreatur | F55: legal | G55: G | H55: 1 | I55: 1 | K55: Sacrifice this creature: Search your library for a basic land card, put that card onto the battlefield tapped, then shuffle. | L55: SOC | M55: 285 | N55: 2026-04-24 | P55: https://scryfall.com/card/soc/285/sakura-tribe-elder?utm_source=api | Q55: https://cards.scryfall.io/normal/front/7/a/7a8b1c49-8594-426d-b585-41140235bb0e.jpg?1783903761 | R55: Anastasia Ovchinnikova | S55: Nein | T55: Ja | U55: Ja
A56: The Reaver Cleaver | B56: {2}{R} | C56: 3 | D56: Legendary Artifact — Equipment | E56: Artefakt | F56: legal | G56: R | K56: Equipped creature gets +1/+1 and has trample and "Whenever this creature deals combat damage to a player or planeswalker, create that many Treasure tokens." Equip {3} | L56: DMC | M56: 8 | N56: 2022-09-09 | P56: https://scryfall.com/card/dmc/8/the-reaver-cleaver?utm_source=api | Q56: https://cards.scryfall.io/normal/front/5/b/5bcd1591-b5b9-49fc-9f2a-45f31ed1871e.jpg?1783921476 | R56: Yigit Koroglu | S56: Nein | T56: Ja | U56: Ja
A57: Return of the Wildspeaker | B57: {4}{G} | C57: 5 | D57: Instant | E57: Spontanzauber | F57: legal | G57: G | K57: Choose one — • Draw cards equal to the greatest power among non-Human creatures you control. • Non-Human creatures you control get +3/+3 until end of turn. | L57: ECC | M57: 115 | N57: 2026-01-23 | P57: https://scryfall.com/card/ecc/115/return-of-the-wildspeaker?utm_source=api | Q57: https://cards.scryfall.io/normal/front/2/f/2fa1dac5-51ba-403e-b48b-d2c0d23a8146.jpg?1783904544 | R57: Chris Rallis | S57: Nein | T57: Ja | U57: Ja
A58: Condemn | B58: {W} | C58: 1 | D58: Instant | E58: Spontanzauber | F58: legal | G58: W | K58: Put target attacking creature on the bottom of its owner's library. Its controller gains life equal to its toughness. | L58: RVR | M58: 14 | N58: 2024-01-12 | P58: https://scryfall.com/card/rvr/14/condemn?utm_source=api | Q58: https://cards.scryfall.io/normal/front/0/c/0c93201b-7664-4bfd-a462-f1c684ebedf6.jpg?1783913348 | R58: Daren Bader | S58: Nein | T58: Ja | U58: Ja
A59: Fierce Guardianship | B59: {2}{U} | C59: 3 | D59: Instant | E59: Spontanzauber | F59: legal | G59: U | K59: If you control a commander, you may cast this spell without paying its mana cost. Counter target noncreature spell. | L59: CMM | M59: 94 | N59: 2023-08-04 | P59: https://scryfall.com/card/cmm/94/fierce-guardianship?utm_source=api | Q59: https://cards.scryfall.io/normal/front/f/7/f7f3dd95-bd14-4e0f-a388-444f9cf1b0dc.jpg?1783915698 | R59: Randy Vargas | S59: Nein | T59: Ja | U59: Ja
A60: Dauthi Voidwalker | B60: {B}{B} | C60: 2 | D60: Creature — Dauthi Rogue | E60: Kreatur | F60: legal | G60: B | H60: 3 | I60: 2 | K60: Shadow (This creature can block or be blocked by only creatures with shadow.) If a card would be put into an opponent's graveyard from anywhere, instead exile it with a void counter on it. {T}, Sacrifice this creature: Choose an exiled card an opponent owns with a void counter on it. You may play it this turn without paying its mana cost. | L60: TDC | M60: 176 | N60: 2025-04-11 | P60: https://scryfall.com/card/tdc/176/dauthi-voidwalker?utm_source=api | Q60: https://cards.scryfall.io/normal/front/3/5/3573b9a2-7911-475c-8ae7-25bd0dbb7159.jpg?1783907090 | R60: Sidharth Chaturvedi | S60: Nein | T60: Ja | U60: Ja
A61: Arcane Signet | B61: {2} | C61: 2 | D61: Artifact | E61: Artefakt | F61: legal | G61: — | K61: {T}: Add one mana of any color in your commander's color identity. | L61: ELD | M61: 331 | N61: 2019-10-04 | P61: https://scryfall.com/card/eld/331/arcane-signet?utm_source=api | Q61: https://cards.scryfall.io/normal/front/8/4/84128e98-87d6-4c2f-909b-9435a7833e63.jpg?1783932545 | R61: Dan Murayama Scott | S61: Nein | T61: Ja | U61: Ja
A62: Wayfarer's Bauble | B62: {1} | C62: 1 | D62: Artifact | E62: Artefakt | F62: legal | G62: — | K62: {2}, {T}, Sacrifice this artifact: Search your library for a basic land card, put that card onto the battlefield tapped, then shuffle. | L62: HOC | M62: 211 | N62: 2026-08-14 | O62: 31f15274-301b-47c5-ba19-0ced04520878 | P62: https://scryfall.com/card/hoc/211/wayfarers-bauble?utm_source=api | Q62: https://cards.scryfall.io/normal/front/b/2/b279f268-c37e-4a2d-8195-74f4881226fc.jpg?1785497631 | R62: JB Casacop | S62: Nein | T62: Ja | U62: Ja
A63: Skullclamp | B63: {1} | C63: 1 | D63: Artifact — Equipment | E63: Artefakt | F63: legal | G63: — | K63: Equipped creature gets +1/-1. Whenever equipped creature dies, draw two cards. Equip {1} | L63: MSC | M63: 210 | N63: 2026-06-26 | P63: https://scryfall.com/card/msc/210/skullclamp?utm_source=api | Q63: https://cards.scryfall.io/normal/front/1/d/1d8b007b-3169-4ee3-80c7-781fc096fc7a.jpg?1783903215 | R63: Lordigan | S63: Nein | T63: Ja | U63: Ja
A64: Cultivate | B64: {2}{G} | C64: 3 | D64: Sorcery | E64: Hexerei | F64: legal | G64: G | K64: Search your library for up to two basic land cards, reveal those cards, put one onto the battlefield tapped and the other into your hand, then shuffle. | L64: MSC | M64: 172 | N64: 2026-06-26 | P64: https://scryfall.com/card/msc/172/cultivate?utm_source=api | Q64: https://cards.scryfall.io/normal/front/e/6/e60deb92-f7dd-4f4e-9036-e47dd586f985.jpg?1783903229 | R64: Darius Zablockis | S64: Nein | T64: Ja | U64: Ja
A65: Farseek | B65: {1}{G} | C65: 2 | D65: Sorcery | E65: Hexerei | F65: legal | G65: G | K65: Search your library for a Plains, Island, Swamp, or Mountain card, put it onto the battlefield tapped, then shuffle. | L65: MSC | M65: 173 | N65: 2026-06-26 | P65: https://scryfall.com/card/msc/173/farseek?utm_source=api | Q65: https://cards.scryfall.io/normal/front/c/1/c1aac0f5-1d01-4673-b8d3-878d9a1d423c.jpg?1783903231 | R65: Rimas Valeikis | S65: Nein | T65: Ja | U65: Ja
A66: Farewell | B66: {4}{W}{W} | C66: 6 | D66: Sorcery | E66: Hexerei | F66: legal | G66: W | K66: Choose one or more — • Exile all artifacts. • Exile all creatures. • Exile all enchantments. • Exile all graveyards. | L66: MKC | M66: 64 | N66: 2024-02-09 | P66: https://scryfall.com/card/mkc/64/farewell?utm_source=api | Q66: https://cards.scryfall.io/normal/front/1/1/114d2180-093b-4838-97ad-badbc8ee50b0.jpg?1783913032 | R66: Seb McKinnon | S66: Nein | T66: Ja | U66: Ja
A67: Lightning Greaves | B67: {2} | C67: 2 | D67: Artifact — Equipment | E67: Artefakt | F67: legal | G67: — | K67: Equipped creature has haste and shroud. (It can't be the target of spells or abilities.) Equip {0} | L67: MSC | M67: 202 | N67: 2026-06-26 | P67: https://scryfall.com/card/msc/202/lightning-greaves?utm_source=api | Q67: https://cards.scryfall.io/normal/front/b/6/b61634ae-05be-4b56-8ebb-9d4ade902e42.jpg?1783903217 | R67: Darius Zablockis | S67: Nein | T67: Ja | U67: Ja
A68: Godless Shrine | B68: — | C68: 0 | D68: Land — Plains Swamp | E68: Nichtstandardland | F68: legal | G68: BW | K68: ({T}: Add {W} or {B}.) As this land enters, you may pay 2 life. If you don't, it enters tapped. | L68: GPT | M68: 157 | N68: 2006-02-03 | P68: https://scryfall.com/card/gpt/157/godless-shrine?utm_source=api | Q68: https://cards.scryfall.io/normal/front/b/e/be010c2f-06db-47e3-80bd-df3f2a21ca34.jpg?1783943456 | R68: Rob Alexander | S68: Nein | T68: Ja | U68: Ja
A69: Hallowed Fountain | B69: — | C69: 0 | D69: Land — Plains Island | E69: Nichtstandardland | F69: legal | G69: UW | K69: ({T}: Add {W} or {U}.) As this land enters, you may pay 2 life. If you don't, it enters tapped. | L69: DIS | M69: 174 | N69: 2006-05-05 | P69: https://scryfall.com/card/dis/174/hallowed-fountain?utm_source=api | Q69: https://cards.scryfall.io/normal/front/c/2/c28aea19-2a39-4934-afda-909e234fa3ba.jpg?1783943377 | R69: Rob Alexander | S69: Nein | T69: Ja | U69: Ja
A70: Sacred Foundry | B70: — | C70: 0 | D70: Land — Mountain Plains | E70: Nichtstandardland | F70: legal | G70: RW | K70: ({T}: Add {R} or {W}.) As this land enters, you may pay 2 life. If you don't, it enters tapped. | L70: RAV | M70: 280 | N70: 2005-10-07 | P70: https://scryfall.com/card/rav/280/sacred-foundry?utm_source=api | Q70: https://cards.scryfall.io/normal/front/1/6/168ef687-5797-4b45-b75b-393d8117cebd.jpg?1783943590 | R70: Rob Alexander | S70: Nein | T70: Ja | U70: Ja
A71: Breeding Pool | B71: — | C71: 0 | D71: Land — Forest Island | E71: Nichtstandardland | F71: legal | G71: GU | K71: ({T}: Add {G} or {U}.) As this land enters, you may pay 2 life. If you don't, it enters tapped. | L71: DIS | M71: 172 | N71: 2006-05-05 | P71: https://scryfall.com/card/dis/172/breeding-pool?utm_source=api | Q71: https://cards.scryfall.io/normal/front/b/9/b98b2a35-ec2b-47fe-903d-dd292e469a3c.jpg?1783943378 | R71: Rob Alexander | S71: Nein | T71: Ja | U71: Ja
A72: Watery Grave | B72: — | C72: 0 | D72: Land — Island Swamp | E72: Nichtstandardland | F72: legal | G72: BU | K72: ({T}: Add {U} or {B}.) As this land enters, you may pay 2 life. If you don't, it enters tapped. | L72: RAV | M72: 286 | N72: 2005-10-07 | P72: https://scryfall.com/card/rav/286/watery-grave?utm_source=api | Q72: https://cards.scryfall.io/normal/front/1/3/139b90cd-8272-457a-be32-1298145345be.jpg?1783943589 | R72: Rob Alexander | S72: Nein | T72: Ja | U72: Ja
A73: Overgrown Tomb | B73: — | C73: 0 | D73: Land — Swamp Forest | E73: Nichtstandardland | F73: legal | G73: BG | K73: ({T}: Add {B} or {G}.) As this land enters, you may pay 2 life. If you don't, it enters tapped. | L73: RAV | M73: 279 | N73: 2005-10-07 | P73: https://scryfall.com/card/rav/279/overgrown-tomb?utm_source=api | Q73: https://cards.scryfall.io/normal/front/f/c/fce07335-cc78-4683-b2f0-9c98a06ea1d8.jpg?1783943591 | R73: Rob Alexander | S73: Nein | T73: Ja | U73: Ja
A74: Raugrin Triome | B74: — | C74: 0 | D74: Land — Island Mountain Plains | E74: Nichtstandardland | F74: legal | G74: RUW | K74: ({T}: Add {U}, {R}, or {W}.) This land enters tapped. Cycling {3} ({3}, Discard this card: Draw a card.) | L74: IKO | M74: 251 | N74: 2020-04-24 | P74: https://scryfall.com/card/iko/251/raugrin-triome?utm_source=api | Q74: https://cards.scryfall.io/normal/front/0/2/02138fbb-3962-4348-8d31-faaefba0b8b2.jpg?1783931001 | R74: Jonas De Ro | S74: Nein | T74: Ja | U74: Ja
... A89: The World Tree | B89: — | C89: 0 | D89: Land | E89: Nichtstandardland | F89: legal | G89: BGRUW | K89: This land enters tapped. {T}: Add {G}. As long as you control six or more lands, lands you control have "{T}: Add one mana of any color." {W}{W}{U}{U}{B}{B}{R}{R}{G}{G}, {T}, Sacrifice this land: Search your library for any number of God cards, put them onto the battlefield, then shuffle. | L89: KHM | M89: 275 | N89: 2021-02-05 | P89: https://scryfall.com/card/khm/275/the-world-tree?utm_source=api | Q89: https://cards.scryfall.io/normal/front/a/7/a70cb6d9-3955-4064-917b-11dec26440c5.jpg?1783928169 | R89: Anastasia Ovchinnikova | S89: Nein | T89: Ja | U89: Ja
A90: Plains | B90: — | C90: 0 | D90: Basic Land — Plains | E90: Standardland | F90: legal | G90: — | K90: ({T}: Add {W}.) | L90: M21 | M90: 269 | N90: 2020-07-03 | P90: https://scryfall.com/search?q=%21Plains | R90: Adam Paquette | S90: Nein | T90: Ja | U90: Ja
A91: Island | B91: — | C91: 0 | D91: Basic Land — Island | E91: Standardland | F91: legal | G91: — | K91: ({T}: Add {U}.) | L91: M21 | M91: 273 | N91: 2020-07-03 | P91: https://scryfall.com/search?q=%21Island | R91: Adam Paquette | S91: Nein | T91: Ja | U91: Ja
A92: Swamp | B92: — | C92: 0 | D92: Basic Land — Swamp | E92: Standardland | F92: legal | G92: — | K92: ({T}: Add {B}.) | L92: M21 | M92: 277 | N92: 2020-07-03 | P92: https://scryfall.com/search?q=%21Swamp | R92: Adam Paquette | S92: Nein | T92: Ja | U92: Ja
A93: Mountain | B93: — | C93: 0 | D93: Basic Land — Mountain | E93: Standardland | F93: legal | G93: — | K93: ({T}: Add {R}.) | L93: M21 | M93: 281 | N93: 2020-07-03 | P93: https://scryfall.com/search?q=%21Mountain | R93: Adam Paquette | S93: Nein | T93: Ja | U93: Ja
A94: Forest | B94: — | C94: 0 | D94: Basic Land — Forest | E94: Standardland | F94: legal | G94: — | K94: ({T}: Add {G}.) | L94: M21 | M94: 285 | N94: 2020-07-03 | P94: https://scryfall.com/search?q=%21Forest | R94: Adam Paquette | S94: Nein | T94: Ja | U94: Ja

Sheet Spielplan
A1: Spielplan · so funktioniert der Heldenbund
A2: Vom Start bis zum Kampfsieg – mit den relevanten Esika-Interaktionen und einem verbindlichen Gestaltungsrahmen.
A4: Bereich | B4: Leitgedanke | C4: So funktioniert es | D4: Wichtige Grenze / Hinweis
A5: Spielidee | B5: Fünf Farben, ein Heldenbund | C5: Esika (der WürfelWächter) macht jede legendäre Kreatur zur wachsamen Manaquelle; die Rückseite „Das Portal aller Geschichten“ holt jeden Zug einen Helden aus der Bibliothek an den Tisch. | D5: Kein notwendiges Zufalls-Combo-Deck. Der echte W20 (Delina) ist Bonus, kein Kern.
A6: Start / Mulligan | B6: Farben vor schöner Einzelkarte | C6: Bevorzugt 3 Länder, grünen Zugang für Esikas Vorderseite und einen frühen Manaaufbau (Sol Ring, Streamingplan, Bloom Tender, Sakura-Tribe Elder). | D6: Eine Hand aus teuren Helden ohne frühen Aufbau zurückgeben. Der erste Multiplayer-Mulligan ist gratis.
A7: Züge 1–3 | B7: Mana und günstige Gefährten | C7: Manasteine und Ramp-Zauber, dazu billige Legenden (Giada, Talrand, Selvala, Heliod, Tajic). Esikas Vorderseite ({1}{G}{G}) idealerweise in Zug 3 – ab dann tappen alle Legenden für jede Farbe. | D7: Sol Ring/Der Essenzträger-Kern zahlen nur generische Kosten. Esikas Mana-Verleih gilt nur für ANDERE legendäre Kreaturen, die du kontrollierst.
A8: Mittleres Spiel | B8: Vorderseite oder Portal | C8: Esika-Vorderseite gibt dem Bund Wachsamkeit + Rainbow-Mana (finanziert teure Zauber wie Aurelia, Toxrill, Farewell). Die Portal-Seite ({W}{U}{B}{R}{G}) legt jeden Zug gratis eine Kreatur/einen Planeswalker nach. | D8: Aus der Kommandozone ist immer nur eine Seite im Spiel. Die Portal-Seite ist teuer, aber wiederkehrender Kartenvorteil ohne Handkosten.
A9: Kartennachschub | B9: Mehrere unabhängige Quellen | C9: The Prismatic Bridge (gratis Kreatur/Zug), Garruk's Uprising (zieht für große Helden), Rhystic Study & Mystic Remora (gegnerische Zauber), Kraum, Queen Marchesa (Monarch), Faramir, Xanathar, Return of the Wildspeaker. | D9: Niemand wird zum Ziehen gezwungen. Rhystic Study/Mystic Remora lassen den Gegnern die Wahl zu zahlen; Marchesa verliert den Monarchen, wenn dir Kampfschaden zugefügt wird.
A10: Gewinnen | B10: Große Helden durch die Verteidigung bringen | C10: Aurelia (zweite Kampfphase), Rancor und Garruk's Uprising (Trampelschaden), Adeline/Myrel/Krenko-Spielsteine und Rogue's Passage bringen Schaden durch. Esikas Wachsamkeit lässt den ganzen Bund angreifen UND blocken/für Mana tappen. | D10: 21+ Kampfschaden desselben Commanders eliminiert einen Spieler. Direktschaden-Pläne sind nicht Teil dieses Decks.
A11: Nach einem Rückschlag | B11: Bund neu aufstellen | C11: Wrenn and Seven holt Länder zurück, Return of the Wildspeaker füllt die Hand; die Portal-Seite baut nach einem Wipe von allein wieder ein Brett auf. | D11: Zuerst Mana und Schutz, dann Bedrohung. Esika neu zu spielen kostet Commander-Steuer – die Vorderseite bleibt günstig.
A12: Esika-Mana | B12: Legenden werden zu Dorks | C12: Ab Esika-Vorderseite haben alle anderen legendären Kreaturen „{T}: ein Mana beliebiger Farbe“ und Wachsamkeit – 25+ potenzielle Rainbow-Quellen. | D12: Nur ANDERE legendäre Kreaturen (nicht Esika selbst), nicht Planeswalker, nicht Spielsteine. Nichtlegendäre Proxys (Serra Paragon, Sakura-Tribe Elder, Wood Elves, Dauthi Voidwalker) sind ausgenommen.
A13: Halvar (DFC) | B13: Krieger oder Klinge | C13: Vorderseite als 4/4-Doppelschlag-Anthem spielen; wenn eine ausgerüstete Kreatur stirbt, kehrt Sword of the Realms auf die Hand zurück. | D13: Modale Doppelkarte – immer nur eine Seite im Spiel. Keine Amnesie-Sonderregel, keine zusätzlichen Ahnen-Spielsteine.
A14: Nebelhauer / Kardur | B14: Verrat als Motiv, Zwietracht als Regel | C14: Kardur bleibt bei dir; ETB zwingt jeden Gegner zum Opfer, danach bluten Gegner, deren Kreaturen andere Gegner angreifen. Das Verrat-/Zwietracht-Motiv ist Gestaltung plus dieser gedruckte Text. | D14: Kein wählbarer Sabotage-Effekt gegen einen bestimmten Spieler. Kardur zählt normal für den Bund.
A15: Manabasis | B15: 37 Länder, davon 15 Standardländer | C15: 15 Basics nach fester Kampagnen-Zuordnung (5 Wald / 3 Ebene / 3 Insel / 2 Sumpf / 2 Gebirge), 6 Doppelländer, 5 Triome, 8 Octo'Con-Utility/Fetch-Länder, Command Tower, Boseiju (Rolling Adventures), The World Tree (Abenteuer im Multiversum). | D15: Fünf Farben nötig. Grün ist die Startfarbe (Esika-Vorderseite); Shock-/Triome-Länder und Prismatic Vista/Fabled Passage liefern den Rest.
... A21: Auswahl | B21: Vorgaben aus Kartenliste | C21: Alle 27 Charaktere haben eine eigene Karte, die vier angenommenen Zusatzfiguren ebenso, die fünf Kampagnen-Farben und der Octo'Con-8er sind erhalten. | D21: Kleinere Vorschläge-Gags ohne eigenen Slot (z. B. „Die Siebte von oben“) laufen als Bild-/Flavor-Motiv mit – wie im Original.

Sheet Auswahlabgleich
A1: Vorlagen-Abgleich · vollständige Abdeckung aller Kartenliste-Vorgaben
A2: Alle 27 Charaktere und alle 23 Insider aus Kartenliste.xlsx haben eine eigene Karte. Jeder Spieler und jeder Gast wird erwähnt (Spieler/Gäste bekommen bewusst KEINE eigene Karte – außer der gemeinsamen Sammelkarte „Gastauftritte“). Danach sinnvoll aufgefüllt.
A4: A · Alle 14 Spieler + Gäste (Chrys Mats, Josh/Spieleabend) aus Kartenliste.xlsx – jeder wird erwähnt (keine eigene Karte außer „Gastauftritte“)
A5: Nr. | B5: Spieler | C5: Erwähnt auf Karte(n) | D5: Art der Erwähnung
A6: 1 | B6: Dani | C6: über den Charakter Shara (#011) und den Insider „Es bleibt spannend.“ (#029) | D6: ✓ erwähnt
A7: 2 | B7: Jonas | C7: über 6 Charaktere: Jonvus #002, Damon #006, Nebelhauer #007, Quill #012, Bucky #015, Tasim #019; Insider „Wüstenadler“ #052 | D7: ✓ erwähnt
A8: 3 | B8: Hendrik | C8: über den Charakter Duvek (#009) und die Insider „Ich weiß …“ #030, „Ist Quill in Reichweite?“ #054, „Er ist Schurke.“ #056 | D8: ✓ erwähnt
A9: 4 | B9: Sabrina | C9: über den Charakter Keya (#016); Actual-Play-Perspektive im Bild von „WürfelWissen“ (#034) | D9: ✓ erwähnt
A10: 5 | B10: Janna | C10: über 5 Charaktere: Susi #005, Cleemoe #008, Juna #018, Blaubeere #020, Ro #027; Insider „Ja, sag ich ja.“ #033; SL von „Rolling Adventures“ #099 | D10: ✓ erwähnt
A11: 6 | B11: Sebastian | C11: über 3 Charaktere: Neriton #010, Alaric #017, Scorch #025; Insider „Man kann nie genug Würfen haben!“ #049; moderiert „WürfelWissen“ (#034) | D11: ✓ erwähnt
A12: 7 | B12: Kevin | C12: über 3 Charaktere: Vorian #003, Brutus #014, Athemus #021; Insider „Stumpf ist Trumpf.“ #031 | D12: ✓ erwähnt
A13: 8 | B13: Pascal | C13: über den Charakter Drayven (#013); Cutter-Erwähnung im Bild von Toxic Deluge (#036) | D13: ✓ erwähnt
A14: 9 | B14: Jan | C14: über die Charaktere Hemish (#004) und Ichne (#022) | D14: ✓ erwähnt
A15: 10 | B15: Marvin | C15: über den Charakter Malvus (#024) und den Insider „Dead? DEAD DEAD?“ #038 | D15: ✓ erwähnt
A16: 11 | B16: Patrick | C16: über die Charaktere Boindil (#023) und Verte (#026) | D16: ✓ erwähnt
A17: 12 | B17: Nils | C17: kein Charakter in Kartenliste → gemeinsam auf „Gastauftritte“ (#041); Bild-Cameo als knight.birds-Clip | D17: ✓ erwähnt
... A19: 14 | B19: Questen & Quatschen (Katha & Alex) | C19: kein Charakter in Kartenliste → gemeinsam auf „Gastauftritte“ (#041, Mimic Vat) | D19: ✓ erwähnt
A22: B · Alle 27 Charaktere aus Kartenliste.xlsx (Sheet „Charaktere“) – jeder mit eigener Karte
A23: Nr. | B23: Charakter | C23: Spieler | D23: Kampagne | E23: Eigene Karte | F23: Echte MTG-Karte | G23: ✓
A24: 1 | B24: Jonvus | C24: Jonas | D24: Die Legende des Rubindrachen | E24: #002 · Jonvus Sonnenzorn-ChewChew, führt den Bund | F24: Aurelia, the Warleader | G24: ✓
A25: 2 | B25: Vorian | C25: Kevin | D25: Die Legende des Rubindrachen | E25: #003 · Vorian Flammenzorn, zurück unter Sternen | F25: Selvala, Explorer Returned | G25: ✓
A26: 3 | B26: Hemish | C26: Jan | D26: Die Legende des Rubindrachen | E26: #004 · Hemish, Bannerträger Octo’Talis’ | F26: Myrel, Shield of Argive | G26: ✓
A27: 4 | B27: Susi | C27: Janna | D27: Die Legende des Rubindrachen | E27: #005 · Susi Lichtschwur, mit leichtem Schritt | F27: Ranar the Ever-Watchful | G27: ✓
A28: 5 | B28: Damon | C28: Jonas | D28: Icewind Dale – Rime of the Frostmaiden | E28: #006 · Damon Driftwood, Stärke schützt | F28: Arahbo, Roar of the World | G28: ✓
A29: 6 | B29: Nebelhauer | C29: Jonas | D29: Icewind Dale – Rime of the Frostmaiden | E29: #007 · Mumpfi Nebelhauer, Schuldner der Phaerimm | F29: Kardur, Doomscourge | G29: ✓
A30: 7 | B30: Cleemoe | C30: Janna | D30: Icewind Dale – Rime of the Frostmaiden | E30: #008 · Cleemoe Driftwood, Hoffnung im Frost | F30: Giada, Font of Hope | G30: ✓
A31: 8 | B31: Duvek | C31: Hendrik | D31: Icewind Dale – Rime of the Frostmaiden | E31: #009 · Lichtträger Duvek, Lathanders Beistand | F31: Linden, the Steadfast Queen | G31: ✓
A32: 9 | B32: Neriton | C32: Sebastian | D32: Icewind Dale – Rime of the Frostmaiden | E32: #010 · Neriton, Geduld der Tiefe | F32: Svyelun of Sea and Sky | G32: ✓
A33: 10 | B33: Shara | C33: Dani | D33: Sturm, Staub und Schatten | E33: #011 · Sharalaq – „Ich bin euer Schild!“ | F33: Elenda, the Dusk Rose | G33: ✓
A34: 11 | B34: Quill | C34: Jonas | D34: Sturm, Staub und Schatten | E34: #012 · Quill, Hüter der verlorenen Seelen | F34: Talrand, Sky Summoner | G34: ✓
A35: 12 | B35: Drayven | C35: Pascal | D35: Sturm, Staub und Schatten | E35: #013 · Drayven Shadebreaker, eigene Entscheidungen | F35: Yuriko, the Tiger's Shadow | G35: ✓
... A50: 27 | B50: Happy | C50: Jenny | D50: Icewind Dale – Rime of the Frostmaiden | E50: #028 · Happy, Zuflucht für Außenseiter | F50: Faramir, Steward of Gondor | G50: ✓
A53: C · Alle 23 Insider aus Kartenliste.xlsx (Sheet „Insider“, Stand 07.09.) – jeder mit eigener Karte
A54: Nr. | B54: Insider / Running Gag | C54: Herkunft | D54: Karte(n) | E54: Echte MTG-Karte | F54: Umsetzung / Regelgrenze | G54: ✓
A55: 1 | B55: Quillen | C55: Community-Jargon (von Quill) | D55: #043 | E55: Pongify | F55: Pongify — der versaute Zauber endet als Affe. | G55: ✓
A56: 2 | B56: „Vertrau mir.“ | C56: Community-Spruch | D56: #044 | E56: Deadly Rollick | F56: Deadly Rollick — die Klinge hinter dem Lächeln (gratis mit Commander). | G56: ✓
A57: 3 | B57: „Im Endeffekt.“ | C57: Sebastian | D57: #045 | E57: Wood Elves | F57: Wood Elves — holen ‚im Endeffekt‘ einfach ein Land. | G57: ✓
A58: 4 | B58: „Brauchst du ’ne neue Mammi?“ | C58: Monita McGamble / Oma | D58: #046 | E58: Kenrith's Transformation | F58: Kenrith's Transformation — Ziel wird zum biederen 3/3-Verwandten. | G58: ✓
A59: 5 | B59: WuerfelWaechter mit UE und AE | C59: Community-Insider | D59: #047 | E59: Sol Ring | F59: Sol Ring mit Insider-Gravur ‚UE = Ü, AE = Ä‘. | G59: ✓
A60: 6 | B60: „Bleibt spannend.“ | C60: feste Nachbesprechungs-Floskel / Dani | D60: #029 | E60: Blasphemous Act | F60: Blasphemous Act — macht garantiert jede Runde spannend. | G60: ✓
A61: 7 | B61: „Böööö“ | C61: Community-Jargon (= ‚Bruder‘) | D61: #048 | E61: Heroic Intervention | F61: Heroic Intervention — der Bruder, der im letzten Moment einspringt. | G61: ✓
A62: 8 | B62: Stumpf ist Trumpf | C62: Kevin (Motto) | D62: #031 | E62: Rancor | F62: Rancor — den größten Angreifer nach vorn; wird er entfernt, kommt Rancor zurück. | G62: ✓
A63: 9 | B63: Ich weiß … | C63: Hendrik (Zitat) | D63: #030 | E63: Mystic Remora | F63: Mystic Remora — weiß schon, was kommt: Gegner zahlt {4} oder du ziehst. | G63: ✓
A64: 10 | B64: Ja, sag ich ja. | C64: Janna (Zitat) | D64: #032 | E64: Bloom Tender | F64: Bloom Tender — sagt zu jeder Farbe Ja und bringt genau dafür Mana. | G64: ✓
A65: 11 | B65: Man kann nie genug Würfen haben! | C65: Sebastian, der ‚Würfeldrache‘ | D65: #049 | E65: Delina, Wild Mage | F65: Delina, Wild Mage — echter W20 beim Angriff. | G65: ✓
A66: 12 | B66: Wollen Blaubeerne? | C66: Blaubeere / Blume | D66: #020 · #050 | E66: Bake into a Pie / Kraum, Ludevic's Opus | F66: Blaubeere als Charakter (Kraum) und Bake into a Pie (Entfernung + Food). | G66: ✓
... A77: 23 | B77: „Dead? DEAD DEAD?“ | C77: Marvin | D77: #038 | E77: Anguished Unmaking | F77: Anguished Unmaking — Exil, keine Rückkehr: dead dead. | G77: ✓
A80: D · Feste Kampagnen-Farben aus Kartenliste.xlsx (Sheet „Kampagnen-Länder“)
B81: Kampagne | C81: MTG-Farbe / Land | D81: Anzahl Standardländer | E81: Karten
B82: Die 5 Titanen von Primor – Akt Luminus | C82: Ebene · Weiß | D82: 3 | E82: #064–#066
B83: Icewind Dale – Rime of the Frostmaiden | C83: Insel · Blau | D83: 3 | E83: #067–#069
B84: Dungeons of Drakkenheim | C84: Sumpf · Schwarz | D84: 2 | E84: #070–#071
B85: Die Legende des Rubindrachen | C85: Gebirge · Rot | D85: 2 | E85: #072–#073
B86: Sturm, Staub und Schatten | C86: Wald · Grün | D86: 5 | E86: #074–#078
A89: E · Danach sinnvoll aufgefüllt (kein Kartenliste-Bezug nötig; Kampagnen-/Bund-Flavor)
B90: Bereich | C90: Karten | D90: Zweck
B91: Engine / Kartenvorteil | C91: #034 #039 #040 #042 | D91: Rhystic Study („WürfelWissen“), Garruk's Uprising („Das Logbuch des Bundes“), Cathars' Crusade („Octo’Talis rückt vor“) und Seedborn Muse („Moss Mane“) – Motoren, die mit dem Legenden-Deck skalieren.
B92: Massenentfernung / Finisher | C92: #035 #036 | D92: Balefire Dragon („Sardior, der Rubindrache“) brennt beim Durchkommen ganze Reihen ab; Toxic Deluge ist der skalierbare Wipe gegen Unzerstörbare.
B93: Reset & Gäste | C93: #041 #062 | D93: Farewell („Der große Meister“) – modularer Reset des Meistertischs. Mimic Vat („Gastauftritte“) holt Questen & Quatschen, Dwarfmasters, Chrys Mats, Josh und Nils Runde für Runde an den Tisch.
B94: Ramp / Fixierung | C94: #033 #057 #058 #060 #061 | D94: Kodama's Reach („Der lange Kampagnenweg“), Streamingplan (Arcane Signet), Der Essenzträger-Kern (Wayfarer's Bauble), Cultivate, Farseek – Manaaufbau und Farbfixierung.
B95: Ausrüstung | C95: #059 #063 | D95: Skullclamp (Kartenmotor) und „Die schnellen Stiefel aus dem Fundus“ (Lightning Greaves: Eile + Fluchsicherheit).
B96: Grenzland (6) | C96: #079–#084 | D96: Ungetappte Zweifarb-Doppelländer zwischen zwei Kampagnen-Regionen.
B97: Triome (5) | C97: #085–#089 | D97: Dreifarb-Länder für die 5-Farben-Manabasis.
B98: Bund-Land | C98: #098 | D98: Command Tower – Regenbogen-Fixierung.
A100: Ergebnis: 1 Commander + 27 Charaktere + 23 Insider-Karten (davon 10 Länder) + „Gastauftritte“ (#041) für Questen & Quatschen, Dwarfmasters, Chrys Mats, Josh & Nils + 15 Kampagnen-Basics + 20 Füller = 100. Alle Spieler und Gäste werden erwähnt.

Sheet Token
A1: Spielsteine und Hilfen · zusätzlich zu den 100 Karten
A2: Treasure, Food, Saproling, Soldier, Human, Ape, Slug, Gast-Kopie, Treefolk, Assassin, Goblin, Drake, Vampir – dazu ein echter W20. Nicht Teil der 100.
A4: Nr. | B4: Echte Hilfskarte | C4: WürfelWächter-Motiv | D4: Unveränderter Spieltyp / Werte | E4: Erzeugt / gebraucht von | F4: Funktion | G4: Hinweis
A5: 1 | B5: Treasure | C5: Würfelbeute | D5: Artifact — Treasure | E5: The Reaver Cleaver, Windfall-Umfeld | F5: {T}, opfern: ein Mana beliebiger Farbe | G5: Farbfixierung für teure Zauber und Esikas Portal-Seite.
A6: 2 | B6: Food | C6: Blaubeeren für den Weg | D6: Artifact — Food | E6: Bake into a Pie, Faramir Steward of Gondor | F6: {2}, {T}, opfern: 3 Leben | G6: Reiner gedruckter Text; keine zusätzliche Heilmechanik.
A7: 3 | B7: Saproling | C7: Ichnes nachwachsender Wald | D7: Creature — Saproling 1/1 grün | E7: Nemata, Primeval Warden | F7: 1/1-Spielstein, Opfermaterial | G7: Nemata verwandelt Opfer in Marken und Karten.
A8: 4 | B8: Soldier | C8: Octo’Talis-Aufgebot | D8: Creature — Soldier 1/1 weiß | E8: Myrel, Shield of Argive | F8: 1/1-Spielstein je Kampf | G8: Entsteht in deinem Kampf, nicht dauerhaft.
A9: 5 | B9: Human | C9: Adelines Ehrengarde | D9: Creature — Human 1/1 weiß | E9: Adeline, Resplendent Cathar | F9: 1/1-Spielstein je Gegner beim Angriff | G9: Adelines Stärke = Zahl deiner Kreaturen.
A10: 6 | B10: Ape | C10: Der verpatzte Zauber („Gequillt.“) | D10: Creature — Ape 3/3 grün | E10: Pongify | F10: 3/3, geht an den Beherrscher der zerstörten Kreatur | G10: Kein Würfelwurf.
A11: 7 | B11: Slug | C11: Athemus’ Zersetzung | D11: Creature — Slug 1/1 schwarz | E11: Toxrill, the Corrosive | F11: 1/1-Spielstein, wenn gegnerische Kreaturen sterben | G11: Reiner gedruckter Text.
A12: 8 | B12: Kopie | C12: Gastauftritt-Kopie | D12: Spielstein-Kopie der eingeprägten Kreatur (Eile; am Zugende exiliert) | E12: Mimic Vat („Gastauftritte“) | F12: Eine Gast-Kopie pro Runde für {3} | G12: Wird zu Beginn des nächsten Endsegments exiliert.
A13: 9 | B13: Treefolk | C13: Keyas Wurzelbaum | D13: Creature — Treefolk 7/7 grün | E13: Wrenn and Seven (−3) | F13: 7/7 mit Reichweite | G13: Planeswalker-Fähigkeit, kein Kreaturen-Kartentext.
A14: 10 | B14: Assassin | C14: Balthasars Zugriff | D14: Creature — Assassin 1/1 schwarz, Todesberührung | E14: Queen Marchesa (Monarch, wenn du angegriffen wirst) | F14: 1/1 Deathtouch | G14: Nur solange/kurz nachdem du Monarch bist.
A15: 11 | B15: Goblin | C15: Scorchs Rache-Armee | D15: Creature — Goblin 1/1 rot | E15: Krenko, Mob Boss | F15: 1/1-Spielstein je Krenko-Aktivierung (X = Zahl deiner Goblins) | G15: Kobolde in der D&D-Fiktion, Goblins nach MTG-Regel.
A16: 12 | B16: Drake | C16: Quills Seelenlichter | D16: Creature — Drake 2/2 blau, fliegend | E16: Talrand, Sky Summoner | F16: 2/2-Flieger je Spontanzauber/Hexerei | G16: Fliegende Armee aus dem Zauberbuch.
... A18: 14 | B18: W20 (echter Würfel) | C18: Der Würfel des Bundes („Man kann nie genug Würfen haben!“) | D18: 20-seitiger Würfel | E18: Delina, Wild Mage | F18: echtes Würfeln am Tisch | G18: Bei 1–14 zusätzliche Kopien einer angreifenden Kreatur (exiliert am Zugende).
